1, 1, 2, 3, 5, 36, 37, 38, 39, 40, 41, 44, 45, 46, 47, 48, 49, 50, 51, 52, 86, 87, 94, 95, 96, 97, 98, 99, 100, 101, 102, 103, 104, 105, 106, 107, 109, 113, 114, 115, 116, 117, 118, 119, 120, 121, 122, 123, 124, 125, 126, 127, 128, 129, 131, 132, 133, 134, 135, 136, 139, 141, 143, 147, 149, 150, 151, 152, 454, 520, 528, 533, 534, 535, 536, 544, 630, 637, 638, 645
2, 2, 1, 3, 37, 38, 39, 40, 44, 45, 46, 47, 48, 102, 533, 534, 535, 536
3, 3, 1, 2, 5, 38, 39, 40, 41, 44, 45, 46, 47, 48, 50, 51, 533, 534, 536, 537, 539
4, 4, 5, 6, 9, 10, 11, 39, 44, 46, 47, 48, 53, 55, 56, 132
5, 5, 1, 3, 4, 8, 9, 10, 11, 36, 37, 38, 39, 40, 44, 45, 46, 47, 48, 51, 536
6, 6, 4, 8, 9, 10, 11, 22, 45, 46, 47, 53, 54, 55, 56, 62, 63, 66, 68
7, 7, 8, 9, 10, 11, 12, 13, 15, 16, 17, 18, 19, 21, 22, 51, 54, 55, 56, 57, 58, 59, 60, 61, 62, 63, 64, 65, 66, 67, 68, 130, 131, 132, 133, 134, 148, 157, 160, 161, 560, 561, 562, 563
8, 8, 5, 6, 7, 9, 10, 11, 13, 15, 16, 17, 18, 19, 20, 21, 22, 25, 45, 46, 54, 56, 58, 59, 61, 62, 63, 64, 65, 66, 67, 68, 161, 560, 561, 562, 563
9, 9, 4, 5, 6, 7, 8, 10, 11, 12, 13, 14, 15, 16, 17, 19, 20, 21, 22, 26, 47, 54, 58, 62, 63, 64, 66, 67, 560, 561, 562, 563, 564, 567, 569, 571, 573, 574
10, 10, 4, 5, 6, 7, 8, 9, 11, 13, 15, 16, 19, 20, 22, 46, 47, 48, 53, 54, 55, 56, 58, 62, 63, 64, 65, 66, 67, 161, 551, 560, 561, 562, 563
11, 11, 4, 5, 6, 7, 8, 9, 10, 13, 16, 17, 18, 19, 20, 21, 22, 25, 44, 45, 46, 47, 51, 53, 54, 55, 56, 58, 59, 60, 62, 63, 64, 65, 66, 67, 68, 130, 132, 133, 161, 551
12, 12, 7, 9, 13, 14, 15, 16, 17, 18, 19, 20, 21, 22, 26, 27, 33, 58, 59, 60, 62, 554, 558, 560, 561, 564, 569, 572, 575, 576, 577, 578, 579, 580, 581, 582, 583, 584, 585, 594
13, 13, 7, 8, 9, 10, 11, 12, 14, 15, 16, 17, 18, 19, 20, 21, 22, 24, 25, 26, 27, 29, 32, 58, 59, 60, 62, 63, 66, 67, 554, 558, 560, 561, 564, 569, 572, 573, 574, 576, 577, 578, 579, 580, 581, 582, 583, 584, 585, 594
14, 14, 9, 12, 13, 16, 17, 18, 19, 20, 21, 22, 24, 25, 26, 27, 29, 32, 58, 59, 60, 62, 577, 578, 579, 581, 582, 583, 584, 585, 594
15, 15, 7, 8, 9, 10, 12, 13, 16, 17, 19, 22, 62, 64, 555, 557, 560, 561, 564, 567, 568, 569, 570, 571, 573, 574
16, 16, 7, 8, 9, 10, 11, 12, 13, 14, 15, 17, 18, 19, 20, 21, 22, 24, 25, 26, 27, 29, 58, 62, 560, 561, 562, 579, 581, 582
17, 17, 7, 8, 9, 11, 12, 13, 14, 15, 16, 18, 19, 20, 21, 22, 25, 27, 54, 55, 56, 57, 58, 59, 60, 61, 62, 63, 64, 65, 66, 67, 68, 69, 70, 71, 130, 132, 133, 134, 148, 156, 157, 158, 159, 160, 161, 560, 561, 581, 582
18, 18, 7, 8, 11, 12, 13, 14, 16, 17, 19, 20, 21, 22, 23, 25, 26, 27, 54, 57, 58, 59, 60, 61, 62, 63, 64, 65, 66, 67, 68, 69, 70, 71, 130, 132, 133, 157, 158, 160, 161, 578, 579, 581, 582
19, 19, 7, 8, 9, 10, 11, 12, 13, 14, 15, 16, 17, 18, 20, 21, 22, 23, 24, 25, 26, 27, 29, 32, 54, 57, 58, 59, 60, 62, 63, 64, 65, 66, 67, 68, 69, 70, 161, 572, 577, 578, 579, 581, 582, 583, 584, 585, 594
20, 20, 8, 9, 10, 11, 12, 13, 14, 16, 17, 18, 19, 21, 22, 23, 24, 25, 26, 27, 29, 32, 57, 58, 59, 60, 62, 63, 64, 66, 67, 577, 578, 579, 581, 582, 583, 584, 585, 594
21, 21, 7, 8, 9, 11, 12, 13, 14, 16, 17, 18, 19, 20, 22, 23, 24, 25, 26, 27, 29, 32, 54, 57, 58, 59, 60, 61, 62, 63, 64, 65, 66, 67, 68, 69, 70, 74, 75, 76, 158, 161, 578, 579, 581, 582, 583, 584, 585, 594
22, 22, 6, 7, 8, 9, 10, 11, 12, 13, 14, 15, 16, 17, 18, 19, 20, 21, 23, 25, 26, 27, 46, 54, 56, 57, 58, 59, 60, 61, 62, 63, 64, 65, 66, 67, 157, 160, 555, 560, 561, 564, 567, 568, 569, 571, 573, 574, 581, 582
23, 23, 18, 19, 20, 21, 22, 24, 25, 26, 27, 28, 29, 31, 32, 33, 57, 58, 59, 60, 61, 62, 69, 70, 71, 72, 74, 75, 76, 78, 151, 152, 153, 154, 155, 156, 157, 158, 177
24, 24, 13, 14, 19, 20, 21, 23, 25, 26, 27, 28, 29, 32, 33, 57, 59, 60, 69, 70, 71, 72, 73, 74, 75, 76, 78, 80, 152, 153, 155, 156, 177, 646, 714
25, 25, 8, 11, 13, 14, 16, 17, 18, 19, 20, 21, 22, 23, 24, 26, 27, 28, 29, 30, 31, 32, 33, 57, 58, 59, 60, 61, 62, 65, 69, 70, 71, 72, 74, 75, 76, 78, 80, 148, 153, 154, 155, 156, 157, 158, 159, 170, 172, 177, 178, 580, 581, 582, 586, 587, 593, 595, 596, 597, 616
26, 26, 9, 12, 13, 14, 16, 18, 19, 20, 21, 22, 23, 24, 25, 27, 28, 29, 30, 31, 32, 33, 57, 59, 60, 69, 70, 71, 74, 75, 76, 80, 580, 582, 586, 587, 593, 595, 596, 616
27, 27, 13, 14, 16, 17, 18, 19, 20, 21, 22, 23, 24, 25, 26, 28, 29, 30, 31, 32, 33, 57, 58, 59, 60, 61, 62, 69, 70, 71, 72, 73, 74, 75, 76, 78, 80, 156, 157, 158, 159, 580, 581, 582, 586, 587, 593, 595, 596, 597, 599, 616, 714
28, 28, 23, 24, 25, 26, 27, 29, 31, 32, 59, 69, 70, 71, 72, 73, 74, 75, 76, 78, 80, 153, 155, 156, 588, 646, 648
29, 29, 13, 14, 16, 19, 20, 23, 24, 25, 26, 27, 28, 30, 31, 32, 33, 59, 69, 70, 74, 76, 80, 587, 595, 596
30, 30, 23, 25, 26, 27, 29, 31, 32, 33, 580, 581, 582, 586, 587, 593, 595, 596, 597, 599, 616, 618
31, 31, 23, 25, 26, 27, 28, 29, 30, 32, 33, 580, 581, 582, 586, 587, 588, 593, 595, 596, 616, 646, 648, 649, 650
32, 32, 13, 14, 19, 20, 21, 23, 24, 25, 26, 27, 29, 30, 31, 33, 57, 59, 60, 69, 578, 580, 581, 582, 583, 586, 587, 593, 595, 596, 597, 599, 616
33, 33, 12, 23, 24, 25, 26, 27, 28, 29, 30, 31, 32, 572, 577, 578, 579, 580, 581, 582, 583, 584, 585, 586, 587, 588, 593, 594, 595, 596, 597, 599, 616, 646, 648, 649
34, 34, 35, 36, 37, 39, 40, 43, 44, 48, 49, 50, 51, 52, 86, 87, 89, 90, 95, 99, 100, 101, 104, 643, 644, 645
35, 35, 34, 36, 37, 40, 43, 50, 51, 52, 86, 87, 89, 90, 95, 101, 645
36, 36, 1, 5, 34, 35, 37, 38, 39, 40, 41, 42, 44, 45, 46, 47, 48, 49, 50, 51, 52, 55, 86, 87, 100, 101, 102, 104, 105, 118, 123, 124, 125, 133, 535, 536, 628, 638, 643, 644, 645
37, 37, 1, 2, 5, 34, 35, 36, 38, 39, 40, 41, 42, 44, 45, 46, 47, 48, 49, 50, 51, 52, 54, 55, 56, 86, 87, 90, 94, 95, 96, 97, 98, 99, 100, 101, 102, 104, 105, 106, 107, 109, 114, 115, 116, 117, 118, 119, 120, 121, 122, 123, 124, 125, 126, 127, 128, 129, 130, 131, 132, 133, 134, 135, 136, 137, 138, 139, 141, 143, 147, 148, 149, 150, 151, 152, 155, 159, 534, 535, 536, 643, 644, 645
38, 38, 1, 2, 3, 5, 36, 37, 39, 40, 41, 44, 45, 46, 47, 48, 49, 50, 51, 52, 86, 87, 94, 95, 96, 97, 98, 99, 100, 101, 102, 103, 104, 105, 106, 107, 109, 114, 115, 116, 117, 118, 119, 120, 122, 123, 124, 125, 126, 127, 128, 129, 132, 133, 134, 135, 136, 139, 143, 147, 149, 151, 152, 454, 520, 533, 534, 535, 536, 544, 630, 637, 638, 645
39, 39, 1, 2, 3, 4, 5, 34, 36, 37, 38, 40, 41, 42, 44, 45, 46, 47, 48, 49, 50, 51, 52, 54, 55, 56, 65, 66, 67, 86, 87, 88, 90, 94, 95, 96, 97, 98, 99, 100, 101, 102, 103, 104, 105, 106, 107, 108, 109, 110, 111, 112, 113, 114, 115, 116, 117, 118, 119, 120, 121, 122, 123, 124, 125, 126, 127, 128, 129, 130, 131, 132, 133, 134, 135, 136, 137, 138, 139, 140, 141, 143, 146, 147, 148, 149, 150, 151, 152, 155, 156, 159, 160, 172, 200, 201, 454, 520, 528, 533, 534, 535, 536, 544, 628, 630, 637, 638, 643, 644, 645
40, 40, 1, 2, 3, 5, 34, 35, 36, 37, 38, 39, 41, 42, 44, 45, 46, 47, 48, 49, 50, 51, 52, 86, 87, 94, 95, 96, 97, 98, 99, 100, 101, 102, 103, 105, 106, 109, 114, 115, 116, 117, 118, 119, 120, 122, 123, 124, 125, 126, 127, 128, 129, 132, 133, 134, 135, 136, 139, 143, 147, 149, 151, 152, 534, 535, 536, 628, 638, 643, 644, 645
41, 41, 1, 3, 36, 37, 38, 39, 40, 42, 46, 47, 48, 50, 51, 86, 95, 97, 98, 99, 100, 101, 102, 105, 116, 117, 118, 123, 124, 125, 133, 534, 535, 536, 628, 643, 644, 645
42, 42, 36, 38, 39, 40, 41, 47, 536, 628, 642, 643, 644, 645, 668, 669
43, 43, 34, 35, 50, 86, 87, 89, 90, 669, 671
44, 44, 1, 2, 3, 4, 5, 11, 34, 36, 37, 38, 39, 40, 45, 46, 47, 48, 49, 50, 51, 52, 54, 55, 56, 86, 87, 88, 94, 95, 96, 97, 98, 99, 100, 101, 102, 103, 104, 105, 106, 110, 112, 113, 114, 115, 116, 117, 118, 119, 120, 122, 123, 124, 125, 126, 127, 128, 129, 132, 133, 135, 136, 139, 147, 151, 534, 536
45, 45, 1, 2, 3, 5, 6, 8, 11, 36, 37, 38, 39, 40, 44, 46, 47, 48, 49, 50, 51, 52, 54, 55, 56, 86, 87, 95, 97, 99, 100, 101, 102, 104, 105, 116, 117, 118, 122, 123, 124, 125, 132, 133, 536
46, 46, 1, 2, 3, 4, 5, 6, 8, 10, 11, 22, 36, 37, 38, 39, 40, 41, 44, 45, 47, 48, 49, 50, 51, 52, 54, 55, 56, 86, 87, 95, 97, 99, 100, 101, 102, 103, 104, 105, 113, 116, 117, 118, 122, 123, 124, 125, 132, 133, 534, 536
47, 47, 1, 2, 3, 4, 5, 6, 9, 10, 11, 36, 37, 38, 39, 40, 41, 42, 44, 45, 46, 48, 49, 50, 51, 55, 95, 97, 99, 100, 101, 102, 105, 123, 124, 125, 534, 535, 536, 644, 645
48, 48, 1, 2, 3, 4, 5, 10, 34, 36, 37, 38, 39, 40, 41, 44, 45, 46, 47, 49, 50, 51, 52, 55, 86, 87, 94, 95, 96, 97, 98, 99, 100, 101, 102, 103, 104, 105, 106, 107, 109, 113, 114, 115, 116, 117, 118, 119, 120, 121, 122, 123, 124, 125, 126, 127, 128, 129, 131, 132, 133, 134, 135, 136, 139, 141, 143, 147, 149, 150, 151, 152, 533, 534, 535, 536, 544, 630, 637, 638
49, 49, 1, 34, 36, 37, 38, 39, 40, 44, 45, 46, 47, 48, 50, 51, 52, 54, 55, 56, 67, 86, 87, 88, 94, 95, 96, 97, 98, 99, 100, 101, 102, 103, 104, 105, 106, 108, 109, 110, 112, 113, 116, 117, 118, 119, 120, 122, 123, 124, 125, 127, 129, 132, 133, 134, 135, 136, 139, 143, 147, 149, 151, 152, 161, 536
50, 50, 1, 3, 34, 35, 36, 37, 38, 39, 40, 41, 43, 44, 45, 46, 47, 48, 49, 51, 52, 54, 55, 56, 57, 61, 64, 65, 66, 67, 84, 86, 87, 88, 89, 90, 91, 92, 93, 94, 95, 96, 97, 98, 99, 100, 101, 102, 103, 104, 105, 106, 107, 108, 109, 110, 111, 112, 113, 115, 116, 117, 118, 119, 121, 122, 123, 124, 125, 126, 127, 128, 129, 130, 132, 133, 134, 135, 137, 138, 139, 143, 147, 149, 150, 151, 152, 156, 157, 158, 161, 199, 535, 536, 645
51, 51, 1, 3, 5, 7, 11, 34, 35, 36, 37, 38, 39, 40, 41, 42, 44, 45, 46, 47, 48, 49, 50, 52, 54, 55, 56, 58, 62, 63, 65, 67, 86, 87, 88, 89, 91, 92, 93, 94, 95, 96, 97, 98, 99, 100, 101, 102, 103, 104, 105, 106, 107, 108, 109, 110, 111, 112, 113, 116, 117, 118, 119, 120, 122, 123, 124, 125, 127, 128, 129, 130, 131, 132, 133, 135, 136, 137, 138, 139, 141, 143, 147, 149, 150, 151, 152, 155, 159, 161, 199, 535, 536, 643, 644, 645
52, 52, 1, 34, 35, 36, 37, 38, 39, 40, 44, 45, 46, 48, 49, 50, 51, 55, 86, 87, 88, 89, 90, 94, 95, 96, 98, 99, 100, 101, 102, 103, 104, 105, 108, 110, 112, 113, 116, 117, 118, 119, 122, 123, 124, 125, 126, 129, 133, 536, 644, 645
53, 53, 4, 6, 10, 11, 54, 55, 56, 63, 65, 66, 67, 68, 94, 96, 97, 105, 125, 130, 132, 133, 161
54, 54, 6, 7, 8, 9, 10, 11, 17, 18, 19, 21, 22, 36, 37, 39, 44, 45, 46, 49, 50, 51, 53, 55, 56, 57, 58, 59, 60, 61, 62, 63, 64, 65, 66, 67, 68, 69, 70, 94, 96, 97, 100, 101, 102, 105, 122, 123, 124, 125, 126, 127, 128, 129, 130, 131, 132, 133, 134, 135, 139, 157, 160, 161, 486, 503, 540
55, 55, 4, 6, 7, 10, 11, 17, 36, 37, 39, 40, 44, 45, 46, 47, 48, 49, 50, 51, 52, 53, 54, 56, 58, 59, 60, 61, 62, 63, 64, 65, 66, 67, 86, 94, 95, 96, 97, 98, 99, 100, 101, 102, 104, 105, 106, 107, 109, 115, 116, 117, 118, 119, 120, 122, 123, 124, 125, 126, 127, 128, 129, 130, 132, 133, 134, 135, 136, 139, 140, 141, 156, 157, 158, 161, 200, 482, 486, 488, 503, 540
56, 56, 4, 6, 7, 8, 10, 11, 17, 22, 36, 37, 39, 44, 45, 46, 49, 50, 51, 53, 54, 55, 57, 58, 59, 60, 61, 62, 63, 64, 65, 66, 67, 86, 87, 94, 95, 96, 97, 98, 99, 100, 101, 102, 105, 106, 107, 109, 115, 116, 117, 118, 119, 120, 122, 123, 124, 125, 126, 127, 128, 129, 130, 132, 133, 134, 135, 136, 139, 140, 141, 153, 156, 157, 158, 160, 161, 200, 482, 486, 488, 503, 540
57, 57, 7, 17, 18, 19, 20, 21, 22, 23, 24, 25, 26, 27, 32, 50, 54, 56, 58, 59, 60, 61, 62, 63, 64, 65, 66, 67, 68, 69, 70, 71, 72, 74, 75, 86, 87, 94, 95, 96, 97, 98, 99, 100, 101, 105, 114, 115, 116, 117, 118, 119, 120, 121, 122, 126, 127, 130, 131, 132, 133, 134, 136, 139, 142, 146, 147, 148, 149, 150, 151, 152, 153, 154, 155, 156, 157, 158, 159, 160, 161, 163, 167, 170, 171, 172, 173, 177
58, 58, 7, 8, 9, 10, 11, 12, 13, 14, 15, 16, 17, 18, 19, 20, 21, 22, 23, 25, 26, 27, 51, 54, 55, 56, 57, 59, 60, 61, 62, 63, 64, 65, 66, 67, 68, 69, 70, 71, 94, 97, 115, 116, 126, 127, 130, 131, 132, 133, 134, 148, 153, 155, 156, 157, 158, 159, 160, 161, 560, 561, 581, 582
59, 59, 7, 8, 11, 12, 13, 14, 17, 18, 19, 20, 21, 22, 23, 24, 25, 26, 27, 28, 29, 32, 33, 54, 55, 56, 57, 58, 60, 61, 62, 63, 64, 65, 66, 67, 68, 69, 70, 71, 72, 74, 75, 94, 97, 114, 115, 116, 117, 120, 130, 131, 132, 133, 146, 147, 148, 149, 150, 151, 152, 153, 154, 155, 156, 157, 158, 159, 160, 161, 170, 171, 172, 173, 177, 178, 581, 582
60, 60, 7, 11, 12, 13, 14, 17, 18, 19, 20, 21, 22, 23, 24, 25, 26, 27, 29, 32, 54, 55, 56, 57, 58, 59, 61, 62, 63, 64, 65, 66, 67, 68, 69, 70, 71, 75, 94, 95, 97, 114, 115, 116, 117, 118, 119, 120, 130, 131, 132, 133, 136, 146, 147, 148, 149, 150, 151, 152, 153, 154, 155, 156, 157, 158, 159, 160, 161, 170, 172, 173, 177, 178, 582
61, 61, 7, 8, 17, 18, 21, 22, 23, 24, 25, 26, 27, 50, 54, 55, 56, 57, 58, 59, 60, 62, 63, 64, 65, 66, 67, 68, 69, 70, 71, 86, 87, 94, 95, 96, 97, 98, 99, 100, 101, 102, 104, 105, 106, 114, 115, 116, 117, 118, 119, 120, 121, 122, 123, 124, 125, 126, 127, 128, 130, 131, 132, 133, 134, 136, 139, 142, 143, 146, 147, 148, 149, 150, 151, 152, 153, 154, 155, 156, 157, 158, 159, 160, 161, 167, 169, 170, 171, 172
62, 62, 6, 7, 8, 9, 10, 11, 12, 13, 14, 15, 16, 17, 18, 19, 20, 21, 22, 23, 25, 27, 51, 54, 55, 56, 57, 58, 59, 60, 61, 63, 64, 65, 66, 67, 68, 69, 70, 71, 86, 94, 95, 96, 97, 98, 99, 100, 101, 105, 114, 115, 116, 117, 118, 119, 120, 122, 123, 126, 127, 130, 131, 132, 133, 134, 136, 139, 146, 147, 148, 150, 153, 155, 156, 157, 158, 159, 160, 161, 560, 561, 581, 582
63, 63, 6, 7, 8, 9, 10, 11, 13, 17, 18, 19, 20, 21, 22, 51, 53, 54, 55, 56, 57, 58, 59, 60, 61, 62, 64, 65, 66, 67, 68, 69, 94, 95, 97, 98, 99, 100, 105, 114, 115, 117, 118, 122, 126, 127, 130, 131, 132, 133, 134, 148, 153, 155, 156, 157, 158, 159, 160, 161, 562
64, 64, 7, 8, 9, 10, 11, 15, 16, 17, 18, 19, 20, 21, 22, 25, 50, 54, 55, 56, 57, 58, 59, 60, 61, 62, 63, 65, 66, 67, 68, 69, 70, 86, 94, 95, 96, 97, 98, 99, 100, 101, 105, 114, 115, 116, 117, 118, 119, 120, 122, 126, 127, 130, 131, 132, 133, 134, 136, 139, 146, 147, 148, 149, 150, 151, 152, 153, 154, 155, 156, 157, 158, 159, 160, 161, 560, 561
65, 65, 7, 8, 9, 10, 11, 15, 17, 18, 19, 20, 21, 22, 23, 25, 27, 39, 50, 51, 53, 54, 55, 56, 57, 58, 59, 60, 61, 62, 63, 64, 66, 67, 68, 69, 70, 71, 86, 87, 94, 95, 96, 97, 98, 99, 100, 101, 102, 103, 104, 105, 106, 109, 113, 114, 115, 116, 117, 118, 119, 120, 121, 122, 123, 124, 125, 126, 127, 129, 130, 131, 132, 133, 134, 135, 136, 137, 138, 139, 142, 143, 146, 147, 148, 149, 150, 151, 152, 153, 154, 155, 156, 157, 158, 159, 160, 161, 167, 172
66, 66, 6, 7, 8, 9, 10, 11, 13, 17, 18, 19, 20, 21, 22, 25, 39, 50, 53, 54, 55, 56, 57, 58, 59, 60, 61, 62, 63, 64, 65, 67, 68, 69, 70, 86, 87, 94, 95, 96, 97, 98, 99, 100, 101, 102, 103, 104, 105, 106, 107, 108, 109, 114, 115, 116, 117, 118, 119, 120, 121, 122, 123, 124, 125, 126, 127, 128, 129, 130, 131, 132, 133, 134, 135, 136, 137, 138, 139, 140, 141, 143, 146, 147, 148, 149, 150, 151, 152, 153, 154, 155, 156, 157, 158, 159, 160, 161
67, 67, 7, 8, 9, 10, 11, 13, 17, 18, 19, 20, 21, 22, 25, 39, 49, 50, 51, 53, 54, 55, 56, 57, 58, 59, 60, 61, 62, 63, 64, 65, 66, 68, 70, 86, 87, 94, 95, 96, 97, 98, 99, 100, 101, 102, 103, 104, 105, 106, 107, 108, 109, 110, 114, 115, 116, 117, 118, 119, 120, 121, 122, 123, 124, 125, 126, 127, 128, 129, 130, 131, 132, 133, 134, 135, 136, 137, 138, 139, 141, 143, 146, 147, 148, 149, 150, 151, 152, 153, 154, 155, 156, 157, 158, 159, 160, 161, 172, 201
68, 68, 6, 7, 8, 11, 17, 18, 19, 21, 53, 54, 57, 58, 59, 60, 61, 62, 63, 64, 65, 66, 67, 94, 95, 96, 97, 98, 99, 100, 101, 102, 105, 114, 115, 117, 118, 122, 123, 124, 125, 126, 127, 130, 131, 132, 133, 134, 135, 139, 148, 153, 155, 156, 157, 158, 159, 160, 161
69, 69, 17, 18, 19, 21, 23, 24, 25, 26, 27, 28, 29, 32, 54, 57, 58, 59, 60, 61, 62, 64, 65, 66, 70, 71, 72, 74, 75, 130, 148, 150, 151, 152, 153, 154, 155, 156, 157, 158, 159, 163, 170, 171, 172, 173, 177, 178, 180, 189
70, 70, 17, 18, 19, 21, 23, 24, 25, 26, 27, 28, 29, 32, 54, 57, 58, 59, 60, 61, 62, 64, 65, 66, 67, 69, 71, 72, 73, 74, 75, 76, 78, 80, 114, 115, 116, 123, 127, 130, 142, 146, 147, 148, 149, 150, 151, 152, 153, 154, 155, 156, 157, 158, 159, 160, 161, 163, 166, 167, 170, 171, 172, 173, 174, 175, 176, 177, 178, 179, 180, 182, 189, 190, 741
71, 71, 17, 18, 23, 24, 25, 26, 27, 28, 57, 58, 59, 60, 61, 62, 69, 70, 72, 73, 74, 75, 76, 77, 78, 80, 149, 150, 151, 152, 153, 154, 155, 156, 163, 170, 171, 172, 173, 174, 175, 177, 178, 179, 180, 189
72, 72, 23, 24, 25, 27, 57, 59, 69, 70, 71, 73, 74, 75, 76, 77, 78, 80, 146, 148, 149, 150, 151, 152, 153, 154, 155, 156, 158, 159, 170, 171, 172, 173, 175, 177, 178, 189, 714, 753, 759
73, 73, 23, 24, 27, 28, 70, 71, 72, 74, 75, 76, 78, 80, 647, 714
74, 74, 21, 23, 24, 25, 26, 27, 28, 29, 59, 69, 70, 71, 72, 73, 75, 76, 77, 78, 79, 80, 152, 153, 155, 156, 175, 714
75, 75, 21, 23, 24, 25, 26, 27, 28, 57, 59, 60, 69, 70, 71, 72, 73, 74, 76, 77, 78, 80, 152, 153, 154, 155, 156
76, 76, 21, 23, 24, 25, 26, 27, 28, 29, 70, 71, 72, 73, 74, 75, 77, 78, 79, 80, 154, 155, 175, 647, 710, 714
77, 77, 71, 72, 74, 75, 76, 78, 79, 80, 151, 152, 154, 155, 170, 172, 173, 175, 176, 177, 178, 710, 711, 714, 753, 759
78, 78, 23, 24, 25, 27, 28, 29, 70, 71, 72, 73, 74, 75, 76, 77, 79, 80, 154, 155, 175, 647, 710, 714
79, 79, 74, 76, 77, 78, 80, 151, 172, 175, 176, 177, 178, 709, 710, 711, 712, 714, 718
80, 80, 24, 25, 26, 27, 28, 29, 70, 71, 72, 73, 74, 75, 76, 77, 78, 79, 151, 170, 172, 175, 176, 177, 178, 709, 710, 711, 712, 714, 718
81, 81, 82, 83, 84, 85, 88, 89, 90, 91, 92, 108, 110, 113, 124, 128, 191, 666, 667, 668, 669, 670, 671, 672, 673, 689, 690
82, 82, 81, 83, 84, 85, 89, 91, 92, 93, 109, 110, 111, 112, 113, 191, 666, 667, 670, 671, 684, 686, 689, 690, 694
83, 83, 81, 82, 84, 85, 87, 88, 89, 90, 91, 104, 107, 108, 110, 113, 123, 124, 125, 128, 129, 689
84, 84, 50, 81, 82, 83, 85, 88, 89, 90, 91, 92, 93, 101, 103, 104, 107, 108, 109, 110, 111, 112, 113, 116, 117, 118, 122, 123, 124, 125, 126, 127, 128, 129, 191, 192, 193, 199, 670, 684, 689, 690
85, 85, 81, 82, 83, 84, 88, 89, 90, 91, 92, 93, 101, 104, 107, 108, 109, 110, 111, 112, 113, 117, 118, 122, 123, 124, 125, 126, 128, 129, 191, 192, 193, 199, 666, 667, 670, 671, 684, 686, 689, 690, 694, 704
86, 86, 1, 34, 35, 36, 37, 38, 39, 40, 41, 43, 44, 45, 46, 48, 49, 50, 51, 52, 55, 56, 57, 61, 62, 64, 65, 66, 67, 87, 88, 89, 90, 91, 92, 93, 94, 95, 96, 97, 98, 99, 100, 101, 102, 103, 104, 105, 106, 107, 108, 109, 110, 111, 112, 113, 116, 117, 118, 119, 120, 121, 122, 123, 124, 125, 126, 127, 128, 129, 130, 132, 133, 134, 135, 136, 137, 138, 139, 140, 141, 143, 146, 147, 149, 150, 151, 152, 156, 157, 158, 161, 172, 199, 201, 535, 536
87, 87, 1, 34, 35, 36, 37, 38, 39, 40, 43, 44, 45, 46, 49, 50, 51, 52, 57, 61, 65, 66, 67, 83, 86, 88, 89, 90, 91, 92, 93, 94, 95, 96, 97, 98, 99, 100, 101, 102, 103, 104, 105, 106, 107, 108, 109, 110, 111, 112, 113, 116, 117, 118, 119, 120, 121, 122, 123, 124, 125, 126, 127, 128, 129, 130, 132, 133, 134, 135, 136, 137, 138, 139, 140, 141, 143, 147, 149, 150, 151, 152, 157, 161, 199, 536
88, 88, 39, 44, 49, 50, 51, 52, 81, 83, 84, 85, 86, 87, 89, 90, 91, 92, 93, 94, 95, 96, 97, 99, 100, 101, 102, 103, 104, 106, 107, 108, 109, 110, 111, 112, 113, 115, 116, 117, 118, 119, 120, 122, 123, 124, 125, 126, 127, 128, 129, 134, 135, 139, 199
89, 89, 34, 35, 43, 50, 51, 52, 81, 82, 83, 84, 85, 86, 87, 88, 90, 91, 92, 93, 94, 95, 100, 101, 102, 103, 104, 105, 107, 108, 109, 110, 111, 112, 113, 114, 115, 116, 117, 118, 119, 120, 121, 122, 123, 124, 125, 126, 127, 128, 129, 134, 135, 136, 139, 141, 143, 147, 149, 192, 193, 199, 670, 672, 690
90, 90, 34, 35, 37, 39, 43, 50, 52, 81, 83, 84, 85, 86, 87, 88, 89, 91, 94, 95, 96, 98, 99, 100, 101, 102, 103, 104, 107, 108, 109, 110, 112, 113, 115, 116, 117, 118, 119, 122, 123, 124, 125, 127, 128, 129, 135, 192
91, 91, 50, 51, 81, 82, 83, 84, 85, 86, 87, 88, 89, 90, 92, 93, 95, 100, 101, 102, 103, 104, 105, 107, 108, 109, 110, 111, 112, 113, 114, 115, 116, 117, 118, 119, 120, 122, 123, 124, 125, 126, 127, 128, 129, 131, 132, 134, 135, 136, 139, 141, 147, 191, 199, 705
92, 92, 50, 51, 81, 82, 84, 85, 86, 87, 88, 89, 90, 91, 93, 95, 97, 100, 101, 102, 103, 104, 105, 107, 108, 109, 110, 111, 112, 113, 114, 115, 116, 117, 118, 119, 120, 121, 122, 123, 124, 125, 126, 127, 128, 129, 131, 132, 133, 134, 135, 136, 139, 140, 141, 148, 191, 192, 193, 195, 196, 198, 199, 200, 213, 684, 689
93, 93, 50, 51, 82, 84, 85, 86, 87, 88, 89, 91, 92, 95, 97, 100, 101, 103, 104, 107, 108, 109, 110, 111, 112, 113, 115, 116, 117, 118, 120, 121, 122, 123, 124, 125, 126, 127, 128, 129, 134, 135, 136, 139, 140, 141, 191, 192, 193, 194, 195, 197, 198, 199, 200, 213, 683, 689, 708
94, 94, 1, 7, 37, 38, 39, 40, 44, 46, 48, 49, 50, 51, 52, 53, 54, 55, 56, 57, 58, 59, 60, 61, 62, 63, 64, 65, 66, 67, 68, 86, 87, 88, 89, 90, 95, 96, 97, 98, 99, 100, 101, 102, 103, 104, 105, 106, 108, 110, 112, 113, 114, 115, 116, 117, 118, 119, 122, 123, 124, 125, 126, 127, 128, 129, 130, 131, 132, 133, 134, 135, 141, 143, 147, 148, 153, 155, 156, 157, 158, 159, 160, 161, 536
95, 95, 1, 34, 35, 36, 37, 38, 39, 40, 41, 43, 44, 45, 46, 47, 48, 49, 50, 51, 52, 55, 56, 57, 59, 60, 61, 62, 63, 64, 65, 66, 67, 68, 86, 87, 88, 89, 90, 91, 92, 93, 94, 96, 97, 98, 99, 100, 101, 102, 103, 104, 105, 106, 107, 108, 109, 110, 112, 113, 114, 115, 116, 117, 118, 119, 120, 121, 122, 123, 124, 125, 126, 127, 128, 129, 130, 131, 132, 133, 134, 135, 136, 137, 138, 139, 140, 141, 143, 144, 145, 147, 148, 149, 150, 151, 152, 153, 155, 156, 157, 158, 159, 160, 161, 170, 172, 199, 200, 201, 202, 206, 207, 534, 535, 536
96, 96, 1, 37, 38, 39, 40, 44, 48, 49, 50, 51, 52, 53, 54, 55, 56, 57, 61, 62, 64, 65, 66, 67, 68, 86, 87, 88, 90, 94, 95, 97, 98, 99, 100, 101, 102, 103, 104, 105, 106, 107, 108, 109, 110, 111, 112, 113, 114, 115, 116, 117, 118, 119, 120, 121, 122, 123, 124, 125, 126, 127, 128, 129, 130, 131, 132, 133, 134, 135, 136, 137, 138, 139, 140, 141, 143, 146, 147, 149, 150, 151, 152, 156, 157, 158, 159, 160, 161, 196, 197, 200, 536
97, 97, 1, 36, 37, 38, 39, 40, 41, 44, 45, 46, 47, 48, 49, 50, 51, 53, 54, 55, 56, 57, 59, 60, 61, 62, 63, 64, 65, 66, 67, 68, 86, 87, 88, 92, 93, 94, 95, 96, 98, 99, 100, 101, 102, 103, 104, 105, 106, 107, 108, 109, 110, 111, 112, 113, 114, 115, 116, 117, 118, 119, 120, 121, 122, 123, 124, 125, 126, 127, 128, 129, 130, 131, 132, 133, 134, 135, 136, 137, 138, 139, 140, 141, 142, 143, 144, 145, 146, 147, 148, 149, 150, 151, 152, 153, 154, 155, 156, 157, 158, 159, 160, 161, 167, 169, 170, 171, 172, 178, 196, 197, 198, 199, 200, 201, 202, 205, 206, 207, 210, 211, 213, 534, 535, 536, 698
98, 98, 1, 37, 38, 39, 40, 41, 44, 48, 49, 50, 51, 52, 55, 56, 57, 60, 61, 62, 63, 64, 65, 66, 67, 68, 86, 87, 94, 95, 96, 97, 99, 100, 101, 102, 103, 104, 105, 106, 107, 108, 109, 110, 111, 112, 113, 114, 115, 116, 117, 118, 119, 120, 121, 122, 123, 124, 125, 126, 127, 128, 129, 130, 131, 132, 133, 134, 135, 136, 137, 138, 139, 140, 141, 142, 143, 147, 148, 149, 150, 151, 152, 153, 155, 156, 157, 158, 159, 160, 161, 167, 172, 196, 197, 198, 200, 201, 207, 535, 536
99, 99, 1, 34, 37, 38, 39, 40, 41, 44, 45, 46, 47, 48, 49, 50, 51, 52, 55, 56, 57, 61, 62, 63, 64, 65, 66, 67, 68, 86, 87, 88, 90, 94, 95, 96, 97, 98, 100, 101, 102, 103, 104, 105, 106, 107, 108, 109, 110, 111, 112, 113, 114, 115, 116, 117, 118, 119, 120, 121, 122, 123, 124, 125, 126, 127, 128, 129, 130, 131, 132, 133, 134, 135, 136, 137, 138, 139, 140, 141, 143, 144, 145, 147, 148, 149, 150, 151, 152, 153, 154, 155, 156, 157, 158, 159, 160, 161, 170, 171, 172, 196, 197, 198, 200, 201, 202, 206, 207, 534, 535, 536
100, 100, 1, 34, 35, 36, 37, 38, 39, 40, 41, 44, 45, 46, 47, 48, 49, 50, 51, 52, 54, 55, 56, 57, 61, 62, 63, 64, 65, 66, 67, 68, 86, 87, 88, 89, 90, 91, 92, 93, 94, 95, 96, 97, 98, 99, 101, 102, 103, 104, 105, 106, 107, 108, 109, 110, 111, 112, 113, 114, 115, 116, 117, 118, 119, 120, 122, 123, 124, 125, 126, 127, 128, 129, 130, 131, 132, 133, 134, 135, 136, 137, 138, 139, 140, 141, 143, 146, 147, 148, 149, 150, 151, 152, 153, 155, 156, 157, 158, 159, 160, 161, 172, 197, 198, 199, 200, 201, 202, 206, 207, 535, 536
101, 101, 1, 34, 35, 36, 37, 38, 39, 40, 41, 43, 44, 45, 46, 47, 48, 49, 50, 51, 52, 54, 55, 56, 57, 61, 62, 64, 65, 66, 67, 84, 85, 86, 87, 88, 89, 90, 91, 92, 93, 94, 95, 96, 97, 98, 99, 100, 102, 103, 104, 105, 106, 107, 108, 109, 110, 111, 112, 113, 114, 115, 116, 117, 118, 119, 120, 121, 122, 123, 124, 125, 126, 127, 128, 129, 130, 131, 132, 133, 134, 135, 136, 137, 138, 139, 140, 141, 142, 143, 144, 145, 146, 147, 148, 149, 150, 151, 152, 153, 156, 157, 158, 159, 160, 161, 167, 170, 172, 198, 199, 201, 202, 206, 207, 534, 535, 536
102, 102, 1, 2, 34, 36, 37, 38, 39, 40, 41, 44, 45, 46, 47, 48, 49, 50, 51, 52, 54, 55, 56, 57, 61, 65, 66, 67, 68, 86, 87, 88, 89, 90, 91, 92, 94, 95, 96, 97, 98, 99, 100, 101, 103, 104, 105, 106, 107, 108, 109, 110, 111, 112, 113, 114, 115, 116, 117, 118, 119, 120, 121, 122, 123, 124, 125, 126, 127, 128, 129, 130, 131, 132, 133, 134, 135, 136, 137, 138, 139, 140, 141, 142, 143, 144, 145, 146, 147, 148, 149, 150, 151, 152, 153, 154, 155, 156, 157, 158, 159, 160, 161, 167, 170, 171, 172, 196, 197, 198, 199, 200, 201, 202, 206, 207, 534, 535, 536
103, 103, 1, 38, 39, 40, 44, 46, 48, 49, 50, 51, 52, 65, 66, 67, 83, 84, 86, 87, 88, 89, 90, 91, 92, 93, 94, 95, 96, 97, 98, 99, 100, 101, 102, 104, 105, 106, 107, 108, 109, 110, 111, 112, 113, 114, 115, 116, 117, 118, 119, 120, 121, 122, 123, 124, 125, 126, 127, 128, 129, 130, 131, 132, 133, 134, 135, 136, 137, 138, 139, 140, 141, 147, 148, 152, 156, 157, 158, 159, 160, 161, 198, 199, 536
104, 104, 1, 34, 36, 37, 38, 39, 40, 44, 45, 46, 47, 48, 49, 50, 51, 52, 54, 55, 56, 61, 65, 66, 67, 83, 84, 85, 86, 87, 88, 89, 90, 91, 92, 93, 94, 95, 96, 97, 98, 99, 100, 101, 102, 103, 105, 106, 107, 108, 109, 110, 111, 112, 113, 114, 115, 116, 117, 118, 119, 120, 122, 123, 124, 125, 126, 127, 128, 129, 130, 132, 133, 134, 135, 136, 139, 140, 141, 147, 148, 151, 158, 160, 161, 192, 194, 195, 198, 199, 200, 213, 536, 705
105, 105, 1, 36, 37, 38, 39, 40, 41, 44, 45, 46, 47, 48, 49, 50, 51, 52, 53, 54, 55, 56, 57, 59, 60, 61, 62, 63, 64, 65, 66, 67, 68, 86, 87, 89, 91, 92, 94, 95, 96, 97, 98, 99, 100, 101, 102, 103, 104, 106, 107, 108, 109, 110, 111, 112, 113, 114, 115, 116, 117, 118, 119, 120, 121, 122, 123, 124, 125, 126, 127, 128, 129, 130, 131, 132, 133, 134, 135, 136, 137, 138, 139, 140, 141, 142, 143, 144, 145, 146, 147, 148, 149, 150, 151, 152, 153, 154, 155, 156, 157, 158, 159, 160, 161, 167, 170, 171, 172, 178, 196, 197, 198, 200, 201, 202, 206, 207, 210, 211, 213, 534, 535, 536, 698
106, 106, 1, 37, 38, 39, 40, 44, 48, 49, 50, 51, 55, 56, 61, 65, 66, 67, 86, 87, 88, 94, 95, 96, 97, 98, 99, 100, 101, 102, 103, 104, 105, 107, 108, 109, 110, 111, 112, 113, 114, 115, 116, 117, 118, 119, 120, 121, 122, 123, 124, 125, 126, 127, 128, 129, 130, 131, 132, 133, 134, 135, 136, 137, 138, 139, 140, 141, 143, 147, 148, 149, 151, 152, 155, 156, 157, 158, 159, 160, 161, 172, 198, 200, 536
107, 107, 1, 37, 38, 39, 48, 50, 51, 55, 56, 67, 83, 84, 85, 86, 87, 88, 89, 90, 91, 92, 93, 95, 96, 97, 98, 99, 100, 101, 102, 103, 104, 105, 106, 108, 109, 110, 111, 112, 113, 114, 115, 116, 117, 118, 119, 120, 121, 122, 123, 124, 125, 126, 127, 128, 129, 130, 131, 132, 133, 134, 135, 136, 137, 138, 139, 140, 141, 142, 143, 144, 145, 146, 147, 148, 149, 150, 151, 152, 158, 159, 160, 161, 167, 169, 170, 171, 192, 194, 195, 196, 197, 198, 199, 200, 201, 202, 205, 206, 207, 210, 211, 213, 536, 697, 698
108, 108, 39, 49, 50, 51, 52, 66, 67, 81, 83, 84, 85, 86, 87, 88, 89, 90, 91, 92, 93, 94, 95, 96, 97, 98, 99, 100, 101, 102, 103, 104, 105, 106, 107, 109, 110, 111, 112, 113, 114, 115, 116, 117, 118, 119, 120, 121, 122, 123, 124, 125, 126, 127, 128, 129, 130, 131, 132, 133, 134, 135, 136, 137, 138, 139, 140, 141, 142, 143, 144, 145, 146, 147, 148, 149, 150, 151, 152, 158, 159, 160, 161, 170, 171, 192, 196, 197, 198, 199, 200, 201, 207, 705
109, 109, 1, 37, 38, 39, 40, 48, 49, 50, 51, 55, 56, 65, 66, 67, 82, 84, 85, 86, 87, 88, 89, 90, 91, 92, 93, 95, 96, 97, 98, 99, 100, 101, 102, 103, 104, 105, 106, 107, 108, 110, 111, 112, 113, 114, 115, 116, 117, 118, 119, 120, 121, 122, 123, 124, 125, 126, 127, 128, 129, 130, 131, 132, 133, 134, 135, 136, 137, 138, 139, 140, 141, 142, 143, 144, 145, 146, 147, 148, 149, 150, 151, 152, 156, 158, 159, 160, 161, 166, 167, 169, 170, 171, 191, 192, 194, 195, 196, 197, 198, 199, 200, 201, 202, 205, 206, 207, 210, 211, 213, 536, 689, 697, 698
110, 110, 39, 44, 49, 50, 51, 52, 67, 81, 82, 83, 84, 85, 86, 87, 88, 89, 90, 91, 92, 93, 94, 95, 96, 97, 98, 99, 100, 101, 102, 103, 104, 105, 106, 107, 108, 109, 111, 112, 113, 114, 115, 116, 117, 118, 119, 120, 121, 122, 123, 124, 125, 126, 127, 128, 129, 130, 131, 132, 133, 134, 135, 136, 137, 138, 139, 140, 141, 142, 143, 144, 145, 146, 147, 148, 149, 150, 152, 158, 159, 160, 161, 170, 191, 192, 195, 196, 197, 198, 199, 200, 201, 213, 689, 705
111, 111, 39, 50, 51, 82, 84, 85, 86, 87, 88, 89, 91, 92, 93, 96, 97, 98, 99, 100, 101, 102, 103, 104, 105, 106, 107, 108, 109, 110, 112, 113, 114, 115, 116, 117, 118, 119, 120, 121, 122, 123, 124, 125, 126, 127, 128, 129, 130, 131, 132, 133, 134, 135, 136, 137, 138, 139, 140, 141, 142, 143, 144, 145, 147, 148, 149, 159, 161, 191, 192, 194, 195, 196, 197, 198, 199, 200, 201, 202, 206, 207, 689
112, 112, 39, 44, 49, 50, 51, 52, 82, 83, 84, 85, 86, 87, 88, 89, 90, 91, 92, 93, 94, 95, 96, 97, 98, 99, 100, 101, 102, 103, 104, 105, 106, 107, 108, 109, 110, 111, 113, 114, 115, 116, 117, 118, 119, 120, 121, 122, 123, 124, 125, 126, 127, 128, 129, 130, 131, 132, 133, 134, 135, 136, 137, 138, 139, 140, 141, 142, 143, 144, 145, 147, 148, 149, 159, 161, 191, 192, 193, 194, 195, 196, 197, 198, 199, 200, 201, 202, 206, 207, 209, 210, 212, 213, 683, 684, 689, 697, 698, 705, 708
113, 113, 1, 39, 44, 46, 48, 49, 50, 51, 52, 81, 82, 83, 84, 85, 86, 87, 88, 89, 90, 91, 92, 93, 94, 95, 96, 97, 98, 99, 100, 101, 102, 103, 104, 105, 106, 107, 108, 109, 110, 111, 112, 114, 115, 116, 117, 118, 119, 120, 121, 122, 123, 124, 125, 126, 127, 128, 129, 130, 131, 132, 133, 134, 135, 136, 137, 138, 139, 140, 141, 142, 143, 146, 147, 148, 149, 159, 161, 170, 191, 192, 194, 195, 196, 197, 198, 199, 200, 201, 210, 213, 337, 536, 698, 705
114, 114, 1, 37, 38, 39, 40, 44, 48, 57, 59, 60, 61, 62, 63, 64, 65, 66, 67, 68, 70, 89, 91, 92, 94, 95, 96, 97, 98, 99, 100, 101, 102, 103, 104, 105, 106, 107, 108, 109, 110, 111, 112, 113, 115, 116, 117, 118, 119, 120, 121, 122, 123, 124, 125, 126, 127, 128, 129, 130, 131, 132, 133, 134, 135, 136, 137, 138, 139, 140, 141, 142, 143, 144, 145, 146, 147, 148, 149, 150, 151, 152, 153, 154, 155, 156, 157, 158, 159, 160, 161, 163, 166, 167, 169, 170, 171, 172, 178, 179, 180, 196, 197, 198, 200, 201, 202, 203, 204, 205, 206, 207, 208, 210, 211, 213, 536, 698
115, 115, 1, 7, 37, 38, 39, 40, 44, 48, 50, 51, 55, 56, 57, 58, 59, 60, 61, 62, 63, 64, 65, 66, 67, 68, 70, 88, 89, 90, 91, 92, 93, 94, 95, 96, 97, 98, 99, 100, 101, 102, 103, 104, 105, 106, 107, 108, 109, 110, 111, 112, 113, 114, 116, 117, 118, 119, 120, 121, 122, 123, 124, 125, 126, 127, 128, 129, 130, 131, 132, 133, 134, 135, 136, 137, 138, 139, 140, 141, 142, 143, 144, 145, 146, 147, 148, 149, 150, 151, 152, 153, 154, 155, 156, 157, 158, 159, 160, 161, 163, 166, 167, 169, 170, 171, 172, 178, 179, 180, 196, 197, 198, 199, 200, 201, 202, 203, 205, 206, 207, 208, 210, 211, 213, 536, 698
116, 116, 1, 37, 38, 39, 40, 41, 44, 45, 46, 48, 49, 50, 51, 52, 55, 56, 57, 58, 59, 60, 61, 62, 64, 65, 66, 67, 70, 83, 84, 86, 87, 88, 89, 90, 91, 92, 93, 94, 95, 96, 97, 98, 99, 100, 101, 102, 103, 104, 105, 106, 107, 108, 109, 110, 111, 112, 113, 114, 115, 117, 118, 119, 120, 121, 122, 123, 124, 125, 126, 127, 128, 129, 130, 131, 132, 133, 134, 135, 136, 137, 138, 139, 140, 141, 142, 143, 144, 145, 146, 147, 148, 149, 150, 151, 152, 153, 154, 155, 156, 157, 158, 159, 160, 161, 162, 163, 164, 165, 166, 167, 168, 169, 170, 171, 172, 173, 174, 176, 178, 179, 180, 181, 182, 189, 190, 196, 197, 198, 199, 200, 201, 202, 203, 204, 205, 206, 207, 208, 210, 211, 213, 535, 536, 697, 698, 741, 759
117, 117, 1, 37, 38, 39, 40, 41, 44, 45, 46, 48, 49, 50, 51, 52, 55, 56, 57, 59, 60, 61, 62, 63, 64, 65, 66, 67, 68, 70, 84, 85, 86, 87, 88, 89, 90, 91, 92, 93, 94, 95, 96, 97, 98, 99, 100, 101, 102, 103, 104, 105, 106, 107, 108, 109, 110, 111, 112, 113, 114, 115, 116, 118, 119, 120, 121, 122, 123, 124, 125, 126, 127, 128, 129, 130, 131, 132, 133, 134, 135, 136, 137, 138, 139, 140, 141, 142, 143, 144, 145, 146, 147, 148, 149, 150, 151, 152, 153, 154, 155, 156, 157, 158, 159, 160, 161, 163, 164, 165, 166, 167, 168, 169, 170, 171, 172, 173, 174, 178, 179, 180, 189, 190, 195, 196, 197, 198, 199, 200, 201, 202, 203, 204, 205, 206, 207, 208, 210, 211, 213, 222, 535, 536, 697, 698, 741
118, 118, 1, 37, 38, 39, 40, 41, 44, 45, 46, 48, 49, 50, 51, 52, 55, 56, 57, 59, 60, 61, 62, 63, 64, 65, 66, 67, 68, 84, 85, 86, 87, 88, 89, 90, 91, 92, 93, 94, 95, 96, 97, 98, 99, 100, 101, 102, 103, 104, 105, 106, 107, 108, 109, 110, 111, 112, 113, 114, 115, 116, 117, 119, 120, 121, 122, 123, 124, 125, 126, 127, 128, 129, 130, 131, 132, 133, 134, 135, 136, 137, 138, 139, 140, 141, 142, 143, 144, 145, 146, 147, 148, 149, 150, 151, 152, 153, 154, 155, 156, 157, 158, 159, 160, 161, 162, 163, 164, 165, 166, 167, 168, 169, 170, 171, 172, 173, 174, 178, 179, 180, 189, 190, 192, 196, 197, 198, 199, 200, 201, 202, 203, 204, 205, 206, 207, 208, 210, 211, 213, 222, 535, 536, 697, 698, 741
119, 119, 1, 37, 38, 39, 40, 44, 48, 49, 50, 51, 52, 55, 56, 57, 59, 60, 61, 62, 64, 65, 66, 67, 70, 86, 87, 88, 89, 90, 91, 92, 94, 95, 96, 97, 98, 99, 100, 101, 102, 103, 104, 105, 106, 107, 108, 109, 110, 111, 112, 113, 114, 115, 116, 117, 118, 120, 121, 122, 123, 124, 125, 126, 127, 128, 129, 130, 131, 132, 133, 134, 135, 136, 137, 138, 139, 140, 141, 142, 143, 144, 145, 146, 147, 148, 149, 150, 151, 152, 153, 155, 156, 157, 158, 159, 160, 161, 162, 163, 164, 165, 166, 167, 168, 169, 170, 171, 172, 173, 174, 176, 178, 179, 180, 182, 189, 190, 196, 197, 198, 199, 200, 201, 202, 203, 204, 205, 206, 207, 208, 210, 211, 213, 536, 697, 698, 741, 759
120, 120, 1, 37, 38, 39, 40, 44, 48, 49, 51, 55, 56, 57, 59, 60, 61, 62, 64, 65, 66, 67, 86, 87, 88, 89, 91, 92, 93, 95, 96, 97, 98, 99, 100, 101, 102, 103, 104, 105, 106, 107, 108, 109, 110, 111, 112, 113, 114, 115, 116, 117, 118, 119, 121, 122, 123, 124, 125, 126, 127, 128, 129, 130, 131, 132, 133, 134, 135, 136, 137, 138, 139, 140, 141, 142, 143, 144, 145, 146, 147, 148, 149, 150, 151, 152, 153, 154, 155, 156, 157, 158, 159, 160, 161, 162, 163, 164, 165, 166, 167, 168, 169, 170, 171, 172, 173, 178, 179, 180, 189, 190, 196, 197, 198, 199, 200, 201, 202, 203, 204, 205, 206, 207, 208, 210, 211, 213, 536, 697, 698, 741
121, 121, 1, 37, 39, 48, 50, 57, 61, 65, 66, 67, 86, 87, 89, 92, 93, 95, 96, 97, 98, 99, 101, 102, 103, 105, 106, 107, 108, 109, 110, 111, 112, 113, 114, 115, 116, 117, 118, 119, 120, 122, 123, 124, 125, 126, 127, 128, 129, 130, 131, 132, 133, 134, 135, 136, 137, 138, 139, 140, 141, 142, 143, 146, 147, 148, 149, 150, 151, 152, 155, 156, 157, 158, 159, 160, 161, 162, 163, 164, 165, 166, 167, 168, 169, 170, 171, 172, 173, 174, 178, 182, 189, 190, 196, 197, 198, 200, 201, 202, 203, 204, 205, 206, 207, 208, 210, 211, 213, 536, 697, 698
122, 122, 1, 37, 38, 39, 40, 44, 45, 46, 48, 49, 50, 51, 52, 54, 55, 56, 57, 61, 62, 63, 64, 65, 66, 67, 68, 83, 84, 85, 86, 87, 88, 89, 90, 91, 92, 93, 94, 95, 96, 97, 98, 99, 100, 101, 102, 103, 104, 105, 106, 107, 108, 109, 110, 111, 112, 113, 114, 115, 116, 117, 118, 119, 120, 121, 123, 124, 125, 126, 127, 128, 129, 130, 131, 132, 133, 134, 135, 136, 137, 138, 139, 140, 141, 142, 143, 144, 145, 146, 147, 148, 149, 150, 151, 152, 153, 155, 156, 157, 158, 159, 160, 161, 163, 164, 165, 166, 167, 168, 169, 170, 171, 172, 173, 174, 178, 179, 180, 182, 189, 190, 192, 194, 195, 196, 197, 198, 199, 200, 201, 202, 203, 204, 205, 206, 207, 208, 210, 211, 213, 222, 224, 535, 536, 697, 698, 741
123, 123, 1, 36, 37, 38, 39, 40, 41, 44, 45, 46, 47, 48, 49, 50, 51, 52, 54, 55, 56, 57, 61, 62, 64, 65, 66, 67, 68, 70, 83, 84, 85, 86, 87, 88, 89, 90, 91, 92, 93, 94, 95, 96, 97, 98, 99, 100, 101, 102, 103, 104, 105, 106, 107, 108, 109, 110, 111, 112, 113, 114, 115, 116, 117, 118, 119, 120, 121, 122, 124, 125, 126, 127, 128, 129, 130, 131, 132, 133, 134, 135, 136, 137, 138, 139, 140, 141, 142, 143, 144, 145, 146, 147, 148, 149, 150, 151, 152, 153, 155, 156, 157, 158, 159, 160, 161, 163, 164, 165, 166, 167, 168, 169, 170, 171, 178, 179, 180, 182, 190, 192, 194, 195, 196, 197, 198, 199, 200, 201, 202, 203, 204, 205, 206, 207, 208, 209, 210, 211, 213, 214, 222, 224, 535, 536, 697, 698, 741
124, 124, 1, 36, 37, 38, 39, 40, 41, 44, 45, 46, 47, 48, 49, 50, 51, 52, 54, 55, 56, 61, 65, 66, 67, 68, 81, 83, 84, 85, 86, 87, 88, 89, 90, 91, 92, 93, 94, 95, 96, 97, 98, 99, 100, 101, 102, 103, 104, 105, 106, 107, 108, 109, 110, 111, 112, 113, 114, 115, 116, 117, 118, 119, 120, 121, 122, 123, 125, 126, 127, 128, 129, 130, 131, 132, 133, 134, 135, 136, 137, 138, 139, 140, 141, 142, 143, 144, 145, 146, 147, 148, 149, 150, 151, 152, 153, 155, 156, 158, 159, 160, 161, 166, 167, 169, 170, 171, 172, 178, 179, 180, 195, 196, 197, 198, 199, 200, 201, 202, 205, 206, 207, 209, 210, 211, 213, 214, 222, 535, 536, 697, 698
125, 125, 1, 36, 37, 38, 39, 40, 41, 44, 45, 46, 47, 48, 49, 50, 51, 52, 53, 54, 55, 56, 61, 62, 65, 66, 67, 68, 83, 84, 85, 86, 87, 88, 89, 90, 91, 92, 93, 94, 95, 96, 97, 98, 99, 100, 101, 102, 103, 104, 105, 106, 107, 108, 109, 110, 111, 112, 113, 114, 115, 116, 117, 118, 119, 120, 121, 122, 123, 124, 126, 127, 128, 129, 130, 131, 132, 133, 134, 135, 136, 137, 138, 139, 140, 141, 142, 143, 144, 145, 146, 147, 148, 149, 150, 151, 152, 153, 154, 155, 156, 157, 158, 159, 160, 161, 163, 164, 166, 167, 168, 169, 170, 171, 172, 173, 177, 178, 179, 180, 182, 190, 194, 195, 196, 197, 198, 199, 200, 201, 202, 204, 205, 206, 207, 208, 209, 210, 211, 213, 214, 222, 224, 534, 535, 536, 697, 698
126, 126, 1, 37, 38, 39, 40, 44, 48, 50, 51, 52, 54, 55, 56, 57, 58, 61, 62, 63, 64, 65, 66, 67, 68, 70, 84, 85, 86, 87, 88, 89, 90, 91, 92, 93, 94, 95, 96, 97, 98, 99, 100, 101, 102, 103, 104, 105, 106, 107, 108, 109, 110, 111, 112, 113, 114, 115, 116, 117, 118, 119, 120, 121, 122, 123, 124, 125, 127, 128, 129, 130, 131, 132, 133, 134, 135, 136, 137, 138, 139, 140, 141, 142, 143, 144, 145, 146, 147, 148, 149, 150, 151, 152, 153, 155, 156, 157, 158, 159, 160, 161, 163, 164, 165, 166, 167, 168, 169, 170, 171, 172, 173, 174, 178, 179, 180, 182, 190, 195, 196, 197, 198, 199, 200, 201, 202, 203, 204, 205, 206, 207, 208, 210, 211, 213, 222, 536, 697, 698, 741
127, 127, 1, 7, 37, 38, 39, 40, 48, 49, 50, 51, 53, 54, 55, 56, 57, 58, 59, 60, 61, 62, 63, 64, 65, 66, 67, 68, 70, 84, 86, 87, 88, 89, 90, 91, 92, 93, 94, 95, 96, 97, 98, 99, 100, 101, 102, 103, 104, 105, 106, 107, 108, 109, 110, 111, 112, 113, 114, 115, 116, 117, 118, 119, 120, 121, 122, 123, 124, 125, 126, 128, 129, 130, 131, 132, 133, 134, 135, 136, 137, 138, 139, 140, 141, 142, 143, 144, 145, 146, 147, 148, 149, 150, 151, 152, 153, 155, 156, 157, 158, 159, 160, 161, 163, 166, 167, 169, 170, 171, 172, 178, 179, 180, 196, 197, 198, 199, 200, 201, 202, 205, 206, 207, 209, 210, 211, 213, 222, 536, 697, 698
128, 128, 1, 37, 38, 39, 40, 44, 48, 50, 51, 54, 55, 56, 61, 66, 67, 68, 81, 83, 84, 85, 86, 87, 88, 89, 90, 91, 92, 93, 94, 95, 96, 97, 98, 99, 100, 101, 102, 103, 104, 105, 106, 107, 108, 109, 110, 111, 112, 113, 114, 115, 116, 117, 118, 119, 120, 121, 122, 123, 124, 125, 126, 127, 129, 130, 131, 132, 133, 134, 135, 136, 137, 138, 139, 140, 141, 142, 143, 144, 145, 146, 147, 148, 149, 150, 151, 152, 153, 155, 156, 158, 159, 160, 161, 167, 169, 170, 171, 173, 178, 179, 180, 192, 194, 195, 196, 197, 198, 199, 200, 201, 202, 205, 206, 207, 210, 211, 213, 536, 697, 698
129, 129, 1, 37, 38, 39, 40, 44, 48, 49, 50, 51, 52, 54, 55, 56, 65, 66, 67, 83, 84, 85, 86, 87, 88, 89, 90, 91, 92, 93, 94, 95, 96, 97, 98, 99, 100, 101, 102, 103, 104, 105, 106, 107, 108, 109, 110, 111, 112, 113, 114, 115, 116, 117, 118, 119, 120, 121, 122, 123, 124, 125, 126, 127, 128, 130, 131, 132, 133, 134, 135, 136, 137, 138, 139, 140, 141, 142, 143, 144, 145, 146, 147, 148, 149, 150, 151, 152, 156, 157, 158, 159, 160, 161, 163, 166, 167, 169, 170, 171, 178, 179, 180, 191, 192, 194, 195, 196, 197, 198, 199, 200, 201, 202, 205, 206, 207, 208, 209, 210, 211, 213, 222, 536, 697, 698
130, 130, 7, 11, 17, 18, 25, 37, 39, 50, 51, 53, 54, 55, 56, 57, 58, 59, 60, 61, 62, 63, 64, 65, 66, 67, 68, 69, 70, 86, 87, 94, 95, 96, 97, 98, 99, 100, 101, 102, 103, 104, 105, 106, 107, 108, 109, 110, 111, 112, 113, 114, 115, 116, 117, 118, 119, 120, 121, 122, 123, 124, 125, 126, 127, 128, 129, 131, 132, 133, 134, 135, 136, 137, 138, 139, 140, 141, 142, 143, 144, 145, 146, 147, 148, 149, 150, 151, 152, 153, 154, 155, 156, 157, 158, 159, 160, 161, 166, 167, 168, 169, 170, 171, 172, 196, 197, 198, 200, 201, 202, 205, 206, 207, 213
131, 131, 1, 7, 37, 39, 48, 51, 54, 55, 56, 57, 58, 59, 60, 61, 62, 63, 64, 65, 66, 67, 68, 70, 91, 92, 94, 95, 96, 97, 98, 99, 100, 101, 102, 103, 105, 106, 107, 108, 109, 110, 111, 112, 113, 114, 115, 116, 117, 118, 119, 120, 121, 122, 123, 124, 125, 126, 127, 128, 129, 130, 132, 133, 134, 135, 136, 137, 138, 139, 140, 141, 142, 143, 144, 145, 146, 147, 148, 149, 150, 151, 152, 153, 155, 156, 157, 158, 159, 160, 161, 166, 167, 169, 170, 171, 172, 176, 177, 178, 196, 197, 198, 199, 200, 201, 202, 205, 206, 207, 536
132, 132, 1, 4, 7, 11, 17, 18, 37, 38, 39, 40, 44, 45, 46, 48, 49, 50, 51, 53, 54, 55, 56, 57, 58, 59, 60, 61, 62, 63, 64, 65, 66, 67, 68, 70, 86, 87, 89, 91, 92, 94, 95, 96, 97, 98, 99, 100, 101, 102, 103, 104, 105, 106, 107, 108, 109, 110, 111, 112, 113, 114, 115, 116, 117, 118, 119, 120, 121, 122, 123, 124, 125, 126, 127, 128, 129, 130, 131, 133, 134, 135, 136, 137, 138, 139, 140, 141, 142, 143, 144, 145, 146, 147, 148, 149, 150, 151, 152, 153, 154, 155, 156, 157, 158, 159, 160, 161, 169, 170, 172, 196, 197, 198, 199, 200, 201, 202, 206, 207, 210, 211, 213, 482, 486, 488, 503, 536, 540, 697, 698
133, 133, 1, 7, 8, 11, 17, 18, 37, 38, 39, 40, 41, 44, 45, 46, 48, 49, 50, 51, 52, 53, 54, 55, 56, 57, 58, 59, 60, 61, 62, 63, 64, 65, 66, 67, 68, 86, 87, 92, 94, 95, 96, 97, 98, 99, 100, 101, 102, 103, 104, 105, 106, 107, 108, 109, 110, 111, 112, 113, 114, 115, 116, 117, 118, 119, 120, 121, 122, 123, 124, 125, 126, 127, 128, 129, 130, 131, 132, 134, 135, 136, 137, 138, 139, 140, 141, 142, 143, 144, 145, 146, 147, 148, 149, 150, 151, 152, 153, 154, 155, 156, 157, 158, 159, 160, 161, 167, 169, 170, 171, 172, 196, 197, 198, 199, 200, 201, 202, 206, 207, 210, 211, 213, 535, 536, 698
134, 134, 1, 7, 17, 37, 38, 39, 40, 48, 49, 50, 54, 55, 56, 57, 58, 60, 61, 62, 63, 64, 65, 66, 67, 68, 70, 86, 87, 88, 89, 91, 92, 93, 94, 95, 96, 97, 98, 99, 100, 101, 102, 103, 104, 105, 106, 107, 108, 109, 110, 111, 112, 113, 114, 115, 116, 117, 118, 119, 120, 121, 122, 123, 124, 125, 126, 127, 128, 129, 130, 131, 132, 133, 135, 136, 137, 138, 139, 140, 141, 142, 143, 144, 145, 146, 147, 148, 149, 150, 151, 152, 153, 155, 156, 157, 158, 159, 160, 161, 163, 166, 167, 169, 170, 171, 172, 178, 179, 180, 196, 197, 198, 199, 200, 201, 202, 205, 206, 207, 208, 210, 211, 213, 536, 697, 698
135, 135, 1, 37, 38, 39, 40, 44, 48, 49, 50, 51, 53, 54, 55, 56, 65, 66, 67, 68, 86, 87, 88, 89, 90, 91, 92, 93, 94, 95, 96, 97, 98, 99, 100, 101, 102, 103, 104, 105, 106, 107, 108, 109, 110, 111, 112, 113, 114, 115, 116, 117, 118, 119, 120, 121, 122, 123, 124, 125, 126, 127, 128, 129, 130, 131, 132, 133, 134, 136, 137, 138, 139, 140, 141, 142, 143, 144, 145, 146, 147, 148, 149, 150, 152, 156, 157, 158, 159, 160, 161, 167, 170, 171, 196, 197, 198, 199, 200, 201, 202, 206, 207, 210, 211, 213, 536, 697, 698
136, 136, 1, 37, 38, 39, 40, 44, 48, 49, 51, 55, 56, 57, 59, 60, 61, 62, 64, 65, 66, 67, 86, 87, 89, 91, 92, 93, 95, 96, 97, 98, 99, 100, 101, 102, 103, 104, 105, 106, 107, 108, 109, 110, 111, 112, 113, 114, 115, 116, 117, 118, 119, 120, 121, 122, 123, 124, 125, 126, 127, 128, 129, 130, 131, 132, 133, 134, 135, 137, 138, 139, 140, 141, 142, 143, 144, 145, 146, 147, 148, 149, 150, 151, 152, 153, 155, 156, 157, 158, 159, 160, 161, 162, 163, 164, 165, 166, 167, 168, 169, 170, 171, 172, 173, 174, 178, 179, 180, 182, 189, 196, 197, 198, 199, 200, 201, 202, 203, 204, 205, 206, 207, 208, 209, 210, 211, 213, 222, 536, 697, 698
137, 137, 37, 39, 50, 51, 65, 66, 67, 86, 87, 95, 96, 97, 98, 99, 100, 101, 102, 103, 105, 106, 107, 108, 109, 110, 111, 112, 113, 114, 115, 116, 117, 118, 119, 120, 121, 122, 123, 124, 125, 126, 127, 128, 129, 130, 131, 132, 133, 134, 135, 136, 138, 139, 140, 141, 142, 143, 144, 145, 146, 147, 148, 149, 150, 151, 152, 158, 159, 160, 161, 163, 166, 167, 169, 170, 171, 196, 197, 198, 200, 201, 202, 203, 204, 205, 206, 207, 208, 209, 210, 211, 213, 214, 698
138, 138, 37, 39, 50, 51, 65, 66, 67, 86, 87, 95, 96, 97, 98, 99, 100, 101, 102, 103, 105, 106, 107, 108, 109, 110, 111, 112, 113, 114, 115, 116, 117, 118, 119, 120, 121, 122, 123, 124, 125, 126, 127, 128, 129, 130, 131, 132, 133, 134, 135, 136, 139, 140, 141, 142, 143, 144, 145, 146, 147, 148, 149, 150, 151, 152, 158, 159, 160, 161, 163, 166, 167, 169, 170, 171, 196, 197, 198, 199, 200, 201, 202, 203, 204, 205, 206, 207, 208, 209, 210, 211, 213, 222, 224, 697, 698
139, 139, 1, 37, 38, 39, 40, 44, 48, 50, 54, 55, 56, 57, 61, 62, 63, 64, 65, 66, 67, 68, 86, 87, 88, 89, 91, 92, 93, 95, 96, 97, 98, 99, 100, 101, 102, 103, 104, 105, 106, 107, 108, 109, 110, 111, 112, 113, 114, 115, 116, 117, 118, 119, 120, 121, 122, 123, 124, 125, 126, 127, 128, 129, 130, 131, 132, 133, 134, 135, 136, 137, 138, 140, 141, 142, 143, 144, 145, 146, 147, 148, 149, 150, 151, 152, 155, 156, 157, 158, 159, 160, 161, 163, 164, 165, 166, 167, 168, 169, 170, 171, 172, 173, 178, 179, 180, 189, 196, 197, 198, 199, 200, 201, 202, 203, 204, 205, 206, 207, 208, 210, 211, 213, 222, 224, 536, 697, 698
140, 140, 39, 55, 56, 66, 86, 87, 89, 92, 93, 95, 96, 97, 98, 99, 100, 101, 102, 103, 104, 105, 106, 107, 108, 109, 110, 111, 112, 113, 114, 115, 116, 117, 118, 119, 120, 121, 122, 123, 124, 125, 126, 127, 128, 129, 130, 131, 132, 133, 134, 135, 136, 137, 138, 139, 141, 142, 143, 144, 145, 146, 147, 148, 149, 150, 158, 159, 160, 161, 167, 169, 170, 171, 194, 195, 196, 197, 198, 199, 200, 201, 202, 205, 206, 207, 209, 210, 211, 213, 214, 222, 224, 697, 698
141, 141, 1, 37, 39, 48, 51, 55, 56, 66, 67, 86, 87, 89, 91, 92, 93, 95, 96, 97, 98, 99, 100, 101, 102, 103, 104, 105, 106, 107, 108, 109, 110, 111, 112, 113, 114, 115, 116, 117, 118, 119, 120, 121, 122, 123, 124, 125, 126, 127, 128, 129, 130, 131, 132, 133, 134, 135, 136, 137, 138, 139, 140, 142, 143, 144, 145, 146, 147, 148, 149, 150, 151, 152, 158, 159, 160, 161, 163, 166, 167, 169, 170, 171, 196, 197, 198, 199, 200, 201, 202, 205, 206, 207, 209, 210, 211, 213, 214, 222, 224, 225, 536, 697, 698
142, 142, 57, 61, 65, 70, 97, 98, 101, 102, 105, 107, 108, 109, 110, 111, 112, 114, 115, 116, 117, 118, 119, 120, 121, 122, 123, 124, 125, 126, 127, 128, 129, 130, 131, 132, 133, 134, 135, 136, 137, 138, 139, 140, 141, 143, 144, 145, 146, 147, 148, 149, 150, 151, 152, 153, 154, 155, 156, 157, 158, 159, 160, 161, 162, 163, 164, 165, 166, 167, 168, 169, 170, 171, 172, 173, 174, 176, 177, 178, 179, 180, 182, 189, 190, 200, 201, 202, 205, 206, 207, 741
143, 143, 1, 37, 38, 39, 40, 48, 49, 50, 51, 61, 65, 66, 67, 86, 87, 89, 94, 95, 96, 97, 98, 99, 100, 101, 102, 105, 106, 107, 108, 109, 110, 111, 112, 113, 114, 115, 116, 117, 118, 119, 120, 121, 122, 123, 124, 125, 126, 127, 128, 129, 130, 131, 132, 133, 134, 135, 136, 137, 138, 139, 140, 141, 142, 144, 145, 146, 147, 148, 149, 150, 151, 152, 153, 154, 155, 156, 157, 158, 159, 160, 161, 162, 163, 164, 165, 166, 167, 168, 169, 170, 171, 172, 173, 174, 176, 178, 179, 180, 182, 189, 190, 196, 197, 198, 200, 201, 202, 206, 207, 536, 741
144, 144, 97, 99, 101, 102, 105, 107, 108, 109, 110, 111, 112, 114, 115, 116, 117, 118, 119, 120, 121, 122, 123, 124, 125, 126, 127, 128, 129, 130, 131, 132, 133, 134, 135, 136, 137, 138, 139, 140, 141, 142, 143, 145, 147, 148, 149, 150, 151, 152, 155, 156, 158, 159, 160, 161, 162, 163, 164, 165, 166, 167, 168, 169, 170, 171, 173, 174, 178, 182, 189, 197, 200, 201, 202, 205, 206, 207
145, 145, 97, 99, 101, 102, 105, 107, 108, 109, 110, 111, 112, 114, 115, 116, 117, 118, 119, 120, 121, 122, 123, 124, 125, 126, 127, 128, 129, 130, 131, 132, 133, 134, 135, 136, 137, 138, 139, 140, 141, 142, 143, 144, 147, 148, 149, 150, 151, 152, 156, 158, 159, 160, 161, 162, 163, 164, 165, 166, 167, 168, 169, 170, 171, 173, 189, 200, 201, 202, 205, 206, 207
146, 146, 39, 57, 59, 60, 61, 62, 64, 65, 66, 67, 70, 72, 86, 96, 97, 100, 101, 102, 105, 107, 108, 109, 110, 113, 114, 115, 116, 117, 118, 119, 120, 121, 122, 123, 124, 125, 126, 127, 128, 129, 130, 131, 132, 133, 134, 135, 136, 137, 138, 139, 140, 141, 142, 143, 147, 148, 149, 150, 151, 152, 153, 154, 155, 156, 157, 158, 159, 160, 161, 163, 164, 165, 166, 167, 168, 169, 170, 171, 172, 173, 174, 176, 177, 178, 179, 180, 189, 200, 201
147, 147, 1, 37, 38, 39, 40, 44, 48, 49, 50, 51, 57, 58, 59, 60, 61, 62, 64, 65, 66, 67, 70, 86, 87, 89, 91, 94, 95, 96, 97, 98, 99, 100, 101, 102, 103, 104, 105, 106, 107, 108, 109, 110, 111, 112, 113, 114, 115, 116, 117, 118, 119, 120, 121, 122, 123, 124, 125, 126, 127, 128, 129, 130, 131, 132, 133, 134, 135, 136, 137, 138, 139, 140, 141, 142, 143, 144, 145, 146, 148, 149, 150, 151, 152, 153, 154, 155, 156, 157, 158, 159, 160, 161, 163, 164, 165, 166, 167, 168, 169, 170, 171, 172, 173, 174, 176, 178, 179, 180, 182, 189, 190, 196, 197, 198, 200, 201, 202, 205, 206, 207, 211, 213, 536, 741
148, 148, 7, 17, 25, 37, 39, 57, 58, 59, 60, 61, 62, 63, 64, 65, 66, 67, 68, 69, 70, 72, 92, 94, 95, 97, 98, 99, 100, 101, 102, 103, 104, 105, 106, 107, 108, 109, 110, 111, 112, 113, 114, 115, 116, 117, 118, 119, 120, 121, 122, 123, 124, 125, 126, 127, 128, 129, 130, 131, 132, 133, 134, 135, 136, 137, 138, 139, 140, 141, 142, 143, 144, 145, 146, 147, 149, 150, 151, 152, 153, 154, 155, 156, 157, 158, 159, 160, 161, 163, 166, 167, 168, 169, 170, 171, 172, 176, 177, 178, 180, 196, 197, 198, 200, 201, 202, 205, 206, 207
149, 149, 1, 23, 37, 38, 39, 40, 48, 49, 50, 51, 57, 59, 60, 61, 64, 65, 66, 67, 69, 70, 71, 72, 86, 87, 89, 95, 96, 97, 98, 99, 100, 101, 102, 105, 106, 107, 108, 109, 110, 111, 112, 113, 114, 115, 116, 117, 118, 119, 120, 121, 122, 123, 124, 125, 126, 127, 128, 129, 130, 131, 132, 133, 134, 135, 136, 137, 138, 139, 140, 141, 142, 143, 144, 145, 146, 147, 148, 150, 151, 152, 153, 154, 155, 156, 157, 158, 159, 160, 161, 162, 163, 164, 165, 166, 167, 168, 169, 170, 171, 172, 173, 174, 175, 176, 177, 178, 179, 180, 181, 182, 189, 190, 197, 198, 200, 201, 202, 206, 207, 536, 741, 759
150, 150, 1, 23, 24, 37, 39, 48, 50, 51, 57, 59, 60, 61, 62, 64, 65, 66, 67, 69, 70, 71, 72, 75, 86, 87, 95, 96, 97, 98, 99, 100, 101, 102, 105, 107, 108, 109, 110, 114, 115, 116, 117, 118, 119, 120, 121, 122, 123, 124, 125, 126, 127, 128, 129, 130, 131, 132, 133, 134, 135, 136, 137, 138, 139, 140, 141, 142, 143, 144, 145, 146, 147, 148, 149, 151, 152, 153, 154, 155, 156, 157, 158, 159, 160, 161, 162, 163, 164, 165, 166, 167, 168, 169, 170, 171, 172, 173, 174, 175, 176, 177, 178, 179, 180, 182, 189, 190, 200, 201, 207, 536, 741, 759
151, 151, 1, 23, 24, 37, 38, 39, 40, 44, 48, 49, 50, 51, 57, 59, 60, 61, 64, 65, 66, 67, 69, 70, 71, 72, 75, 77, 79, 80, 86, 87, 95, 96, 97, 98, 99, 100, 101, 102, 104, 105, 106, 107, 108, 109, 114, 115, 116, 117, 118, 119, 120, 121, 122, 123, 124, 125, 126, 127, 128, 129, 130, 131, 132, 133, 134, 136, 137, 138, 139, 142, 143, 144, 145, 146, 147, 148, 149, 150, 152, 153, 154, 155, 156, 157, 158, 159, 160, 161, 162, 163, 164, 165, 166, 167, 168, 169, 170, 171, 172, 173, 174, 175, 176, 177, 178, 179, 180, 182, 189, 190, 197, 198, 200, 201, 202, 206, 207, 536, 710, 741
152, 152, 1, 23, 24, 28, 37, 38, 39, 40, 48, 49, 50, 51, 57, 59, 60, 61, 64, 65, 66, 67, 69, 70, 71, 72, 74, 75, 77, 86, 87, 95, 96, 97, 98, 99, 101, 102, 103, 105, 106, 107, 108, 110, 114, 115, 116, 117, 118, 119, 120, 121, 122, 123, 124, 125, 126, 127, 128, 129, 130, 131, 132, 133, 134, 135, 136, 137, 138, 139, 141, 142, 143, 144, 145, 146, 147, 148, 149, 150, 151, 153, 154, 155, 156, 157, 158, 159, 160, 161, 162, 163, 164, 165, 166, 167, 168, 169, 170, 171, 172, 173, 174, 175, 176, 177, 178, 179, 180, 182, 189, 536
153, 153, 23, 24, 25, 27, 28, 57, 58, 59, 60, 61, 62, 63, 64, 65, 66, 67, 68, 69, 70, 71, 72, 74, 75, 94, 95, 97, 99, 100, 102, 105, 114, 115, 116, 117, 118, 119, 120, 122, 123, 124, 125, 126, 127, 130, 131, 132, 133, 134, 142, 143, 146, 147, 148, 149, 150, 151, 152, 154, 155, 156, 157, 158, 159, 160, 161, 163, 164, 165, 166, 167, 169, 170, 171, 172, 173, 174, 177, 178
154, 154, 23, 24, 25, 57, 59, 60, 61, 64, 65, 66, 67, 69, 70, 71, 72, 75, 76, 77, 78, 97, 99, 102, 105, 114, 115, 116, 117, 118, 120, 125, 130, 132, 142, 143, 146, 147, 148, 149, 150, 151, 152, 153, 155, 156, 157, 158, 159, 160, 161, 163, 164, 165, 166, 167, 169, 170, 171, 172, 173, 174, 176, 177, 178, 179, 180, 182, 189
155, 155, 23, 24, 25, 28, 37, 39, 51, 57, 58, 59, 60, 61, 62, 64, 65, 66, 67, 69, 70, 71, 72, 74, 75, 76, 77, 78, 94, 95, 96, 97, 98, 99, 102, 105, 106, 114, 115, 116, 117, 118, 119, 120, 121, 122, 123, 124, 125, 126, 127, 128, 130, 131, 132, 133, 134, 136, 139, 142, 143, 144, 146, 147, 148, 149, 150, 151, 152, 153, 154, 156, 157, 158, 159, 160, 161, 162, 163, 164, 165, 166, 167, 168, 169, 170, 171, 172, 173, 174, 175, 176, 177, 178, 179, 180, 189
156, 156, 17, 23, 24, 25, 27, 28, 39, 56, 57, 58, 59, 60, 61, 62, 63, 64, 65, 66, 67, 68, 69, 70, 71, 72, 74, 75, 94, 95, 96, 97, 98, 99, 100, 101, 102, 103, 105, 106, 109, 114, 115, 116, 117, 118, 119, 120, 121, 122, 123, 124, 125, 126, 127, 128, 129, 130, 131, 132, 133, 134, 135, 136, 139, 142, 143, 144, 145, 146, 147, 148, 149, 150, 151, 152, 153, 154, 155, 157, 158, 159, 160, 161, 163, 167, 168, 169, 170, 171, 172, 173, 177
157, 157, 7, 17, 18, 22, 23, 25, 27, 50, 54, 55, 56, 57, 58, 59, 60, 61, 62, 63, 64, 65, 66, 67, 68, 69, 70, 71, 86, 87, 94, 95, 96, 97, 98, 99, 100, 101, 102, 103, 105, 106, 114, 115, 116, 117, 118, 119, 120, 121, 122, 123, 125, 126, 127, 129, 130, 131, 132, 133, 134, 136, 139, 142, 143, 146, 147, 148, 149, 150, 151, 152, 153, 154, 155, 156, 158, 159, 160, 161, 167, 168, 169, 171, 172, 177
158, 158, 17, 18, 19, 21, 23, 25, 26, 27, 50, 56, 57, 58, 59, 60, 61, 62, 63, 64, 65, 66, 67, 68, 69, 70, 71, 72, 86, 87, 94, 95, 96, 97, 98, 99, 100, 101, 102, 103, 104, 105, 106, 107, 108, 109, 110, 114, 115, 116, 117, 118, 119, 120, 121, 122, 123, 124, 125, 126, 127, 128, 129, 130, 131, 132, 133, 134, 135, 136, 137, 138, 139, 140, 141, 142, 143, 144, 145, 146, 147, 148, 149, 150, 151, 152, 153, 154, 155, 156, 157, 159, 160, 161, 167, 168, 169, 170, 171, 172, 177, 178, 200, 201, 202, 206, 207
159, 159, 17, 18, 21, 23, 25, 27, 37, 39, 51, 57, 58, 59, 60, 61, 62, 63, 64, 65, 66, 67, 68, 69, 70, 71, 72, 94, 95, 97, 98, 99, 100, 101, 102, 103, 105, 106, 107, 108, 109, 110, 111, 112, 113, 114, 115, 116, 117, 118, 119, 120, 121, 122, 123, 124, 125, 126, 127, 128, 129, 130, 131, 132, 133, 134, 135, 136, 137, 138, 139, 140, 141, 142, 143, 144, 145, 146, 147, 148, 149, 150, 151, 152, 153, 154, 155, 156, 157, 158, 160, 161, 164, 165, 167, 168, 169, 170, 171, 172, 173, 175, 176, 177, 178, 197, 200, 201, 202, 206, 207
160, 160, 7, 17, 18, 22, 39, 54, 56, 57, 58, 59, 60, 61, 62, 63, 64, 65, 66, 67, 68, 69, 70, 94, 95, 96, 97, 98, 99, 100, 101, 102, 103, 104, 105, 106, 107, 108, 109, 110, 114, 115, 116, 117, 118, 119, 120, 121, 122, 123, 124, 125, 126, 127, 128, 129, 130, 131, 132, 133, 134, 135, 136, 137, 138, 139, 140, 141, 142, 143, 144, 145, 146, 147, 148, 149, 150, 151, 152, 153, 154, 155, 156, 157, 158, 159, 161, 167, 169, 170, 171, 172, 177, 178, 200, 201, 202, 206, 207
161, 161, 7, 8, 9, 10, 11, 17, 18, 19, 21, 22, 25, 49, 50, 51, 53, 54, 55, 56, 57, 58, 59, 60, 61, 62, 63, 64, 65, 66, 67, 68, 69, 70, 86, 87, 94, 95, 96, 97, 98, 99, 100, 101, 102, 103, 104, 105, 106, 107, 108, 109, 110, 111, 112, 113, 114, 115, 116, 117, 118, 119, 120, 121, 122, 123, 124, 125, 126, 127, 128, 129, 130, 131, 132, 133, 134, 135, 136, 137, 138, 139, 140, 141, 142, 143, 144, 145, 146, 147, 148, 149, 150, 151, 152, 153, 154, 155, 156, 157, 158, 159, 160, 169, 170, 172, 197, 198, 200, 201, 202, 206, 207, 705
162, 162, 116, 118, 119, 120, 121, 136, 142, 143, 144, 145, 149, 150, 151, 152, 155, 163, 164, 165, 166, 167, 169, 170, 171, 173, 174, 185
163, 163, 57, 69, 70, 71, 114, 115, 116, 117, 118, 119, 120, 121, 122, 123, 125, 126, 127, 129, 134, 136, 137, 138, 139, 141, 142, 143, 144, 145, 146, 147, 148, 149, 150, 151, 152, 153, 154, 155, 156, 162, 164, 165, 166, 167, 168, 169, 170, 171, 172, 173, 174, 176, 177, 178, 179, 180, 181, 182, 183, 184, 185, 187, 188, 189, 190, 741, 743, 745, 747, 748, 759
164, 164, 57, 116, 117, 118, 119, 120, 121, 122, 123, 125, 126, 136, 139, 142, 143, 144, 145, 146, 147, 149, 150, 151, 152, 153, 154, 155, 159, 162, 163, 165, 166, 167, 168, 169, 170, 171, 172, 173, 174, 178, 180, 182, 185, 189
165, 165, 116, 117, 118, 119, 120, 121, 122, 123, 126, 136, 139, 142, 143, 144, 145, 146, 147, 149, 150, 151, 152, 153, 154, 155, 159, 162, 163, 164, 166, 167, 168, 169, 170, 171, 172, 173, 174, 178, 185, 189
166, 166, 70, 109, 114, 115, 116, 117, 118, 119, 120, 121, 122, 123, 124, 125, 126, 127, 129, 131, 134, 136, 137, 138, 139, 142, 143, 144, 145, 146, 147, 148, 149, 150, 151, 152, 153, 154, 155, 159, 162, 163, 164, 165, 167, 168, 169, 170, 171, 172, 173, 174, 176, 177, 178, 179, 180, 182, 183, 185, 187, 189, 190, 201, 207, 741, 743, 748, 759
167, 167, 57, 61, 70, 97, 98, 101, 102, 105, 107, 109, 114, 115, 116, 117, 118, 119, 120, 121, 122, 123, 124, 125, 126, 127, 128, 129, 130, 131, 133, 134, 135, 136, 137, 138, 139, 140, 141, 142, 143, 144, 145, 146, 147, 148, 149, 150, 151, 152, 153, 154, 155, 156, 157, 158, 159, 160, 162, 163, 164, 165, 166, 168, 169, 170, 171, 172, 173, 174, 176, 178, 179, 180, 182, 183, 185, 189, 190, 201, 202, 206, 207, 741, 743
168, 168, 116, 117, 118, 119, 120, 121, 122, 123, 125, 126, 130, 136, 139, 142, 143, 144, 145, 146, 147, 148, 149, 150, 151, 152, 155, 156, 157, 158, 159, 163, 164, 165, 166, 167, 169, 170, 171, 172, 173, 178, 189
169, 169, 61, 97, 107, 109, 114, 115, 116, 117, 118, 119, 120, 121, 122, 123, 124, 125, 126, 127, 128, 129, 130, 131, 132, 133, 134, 135, 136, 137, 138, 139, 140, 141, 142, 143, 144, 145, 146, 147, 148, 149, 150, 151, 152, 153, 154, 155, 156, 157, 158, 159, 160, 161, 162, 163, 164, 165, 166, 167, 168, 170, 171, 172, 173, 174, 178, 179, 180, 182, 189, 190, 201, 202, 206, 207
170, 170, 23, 25, 57, 59, 60, 61, 69, 70, 71, 72, 77, 80, 95, 97, 99, 102, 105, 107, 108, 109, 110, 114, 115, 116, 117, 118, 119, 120, 121, 122, 123, 124, 125, 126, 127, 128, 129, 130, 131, 132, 133, 134, 135, 136, 137, 138, 139, 140, 141, 142, 143, 144, 145, 146, 147, 148, 149, 150, 151, 152, 153, 154, 155, 156, 158, 159, 160, 161, 162, 163, 164, 165, 166, 167, 168, 169, 171, 172, 173, 174, 175, 176, 177, 178, 179, 180, 181, 182, 183, 184, 185, 187, 188, 189, 190, 201, 710, 728, 741, 743, 748, 753, 759
171, 171, 57, 59, 69, 70, 71, 72, 97, 99, 102, 105, 107, 108, 109, 114, 115, 116, 117, 118, 119, 120, 121, 122, 123, 124, 125, 126, 127, 128, 129, 130, 131, 133, 134, 135, 136, 137, 138, 139, 140, 141, 142, 143, 144, 145, 146, 147, 148, 149, 150, 151, 152, 153, 154, 155, 156, 157, 158, 159, 160, 162, 163, 164, 165, 166, 167, 168, 169, 170, 172, 173, 174, 175, 176, 177, 178, 179, 180, 181, 182, 183, 184, 187, 189, 190, 741, 753, 759
172, 172, 23, 24, 25, 39, 57, 59, 60, 61, 65, 69, 70, 71, 72, 77, 79, 80, 86, 95, 96, 97, 98, 99, 100, 101, 102, 105, 106, 114, 115, 116, 117, 118, 119, 120, 121, 122, 124, 125, 126, 127, 130, 131, 132, 133, 134, 136, 139, 142, 143, 146, 147, 148, 149, 150, 151, 152, 153, 154, 155, 156, 157, 158, 159, 160, 161, 163, 164, 165, 166, 167, 168, 169, 170, 171, 173, 174, 175, 176, 177, 178, 179, 180, 182, 189, 190, 710, 741, 759
173, 173, 57, 59, 60, 69, 70, 71, 72, 77, 116, 117, 118, 119, 120, 121, 122, 123, 124, 126, 128, 136, 139, 142, 143, 144, 145, 146, 147, 149, 150, 151, 152, 153, 154, 155, 156, 159, 162, 163, 164, 165, 166, 167, 169, 170, 171, 172, 174, 175, 176, 177, 178, 179, 180, 181, 182, 183, 184, 185, 187, 188, 189, 190, 741, 743, 745, 748, 753, 759
174, 174, 70, 71, 116, 119, 121, 122, 136, 142, 143, 144, 146, 147, 149, 150, 151, 152, 153, 154, 155, 162, 163, 164, 165, 166, 167, 169, 170, 171, 172, 173, 176, 177, 178, 179, 180, 182, 183, 185, 187, 189, 190, 741, 743, 759
175, 175, 70, 71, 72, 74, 76, 77, 78, 79, 80, 149, 150, 151, 152, 155, 159, 170, 171, 172, 173, 176, 177, 178, 181, 182, 709, 710, 711, 712, 714, 718, 727, 728, 741, 742, 753, 759
176, 176, 70, 77, 79, 80, 116, 131, 142, 143, 146, 147, 148, 149, 150, 151, 152, 154, 155, 159, 163, 166, 167, 170, 171, 172, 173, 174, 175, 177, 178, 179, 180, 181, 182, 183, 184, 187, 189, 190, 710, 741, 743, 759
177, 177, 23, 24, 25, 57, 59, 60, 69, 70, 71, 72, 77, 79, 80, 125, 131, 142, 146, 149, 150, 151, 152, 153, 154, 155, 156, 157, 158, 159, 160, 163, 166, 170, 171, 172, 173, 174, 175, 176, 178, 179, 180, 182, 189, 190, 710, 741
178, 178, 25, 59, 60, 69, 70, 71, 72, 77, 79, 80, 114, 115, 116, 117, 118, 119, 120, 121, 122, 123, 124, 125, 126, 127, 128, 129, 131, 134, 136, 139, 142, 143, 146, 147, 148, 149, 150, 151, 152, 153, 154, 155, 158, 159, 160, 163, 164, 165, 166, 167, 169, 170, 171, 172, 173, 174, 175, 176, 177, 179, 180, 181, 182, 183, 184, 185, 187, 189, 190, 710, 741, 743, 748, 753, 759
179, 179, 70, 71, 115, 116, 117, 118, 119, 120, 122, 123, 124, 125, 126, 127, 128, 129, 134, 139, 142, 143, 146, 147, 149, 150, 151, 152, 154, 155, 163, 166, 167, 169, 170, 171, 172, 173, 174, 176, 177, 178, 180, 181, 182, 183, 184, 187, 188, 189, 190, 727, 728, 741, 743, 745, 747, 748, 753, 759
180, 180, 69, 70, 71, 114, 115, 116, 117, 118, 119, 120, 122, 123, 124, 125, 126, 127, 128, 129, 134, 136, 139, 142, 143, 146, 147, 149, 150, 151, 152, 154, 155, 163, 164, 166, 167, 169, 170, 171, 172, 173, 174, 176, 177, 178, 179, 181, 182, 183, 184, 187, 188, 189, 190, 727, 728, 741, 742, 743, 745, 747, 748, 749, 753, 759
181, 181, 149, 163, 170, 171, 173, 175, 176, 178, 179, 180, 182, 183, 187, 188, 189, 190, 727, 728, 729, 735, 741, 742, 743, 745, 748, 753, 759
182, 182, 70, 116, 119, 121, 122, 123, 126, 136, 142, 143, 144, 147, 149, 150, 151, 154, 163, 166, 167, 169, 170, 171, 172, 173, 174, 175, 176, 177, 178, 179, 180, 181, 183, 184, 187, 188, 189, 190, 727, 728, 729, 735, 741, 742, 743, 745, 747, 748, 749, 750, 751, 752, 753, 759
183, 183, 163, 166, 167, 170, 171, 173, 174, 176, 178, 179, 180, 181, 182, 184, 187, 188, 189, 190, 741, 743, 745, 747, 748, 749, 750, 751, 752, 753, 759
184, 184, 163, 170, 171, 173, 176, 178, 179, 180, 182, 183, 187, 188, 189, 190, 741, 743, 745, 747, 748, 750
185, 185, 162, 163, 164, 165, 166, 167, 170, 173, 174, 178, 189
186, 186
187, 187, 163, 166, 170, 171, 173, 174, 176, 178, 179, 180, 181, 182, 183, 184, 188, 189, 190, 741, 743, 745, 746, 747, 748, 749, 750, 751, 752, 753, 759
188, 188, 163, 170, 173, 179, 180, 181, 182, 183, 184, 187, 189, 190, 741, 743, 745, 746, 747, 748, 749, 750, 751, 752, 759
189, 189, 69, 70, 71, 72, 116, 117, 118, 119, 120, 121, 122, 136, 139, 142, 143, 144, 145, 146, 147, 149, 150, 151, 152, 154, 155, 163, 164, 165, 166, 167, 168, 169, 170, 171, 172, 173, 174, 176, 177, 178, 179, 180, 181, 182, 183, 184, 185, 187, 188, 190, 728, 741, 742, 743, 745, 747, 748, 749, 750, 751, 752, 753, 759
190, 190, 70, 116, 117, 118, 119, 120, 121, 122, 123, 126, 142, 143, 147, 149, 150, 151, 163, 166, 167, 169, 170, 171, 172, 173, 174, 176, 177, 178, 179, 180, 181, 182, 183, 184, 187, 188, 189, 727, 728, 741, 742, 743, 745, 747, 748, 749, 751, 752, 753, 759
191, 191, 81, 82, 84, 85, 91, 92, 93, 109, 110, 111, 112, 113, 129, 192, 670, 683, 684, 685, 686, 689, 690, 692, 694, 708
192, 192, 83, 84, 85, 89, 90, 91, 92, 93, 104, 107, 108, 109, 110, 111, 112, 113, 118, 122, 123, 128, 129, 191, 193, 198, 199, 683, 696, 703, 704, 707, 708
193, 193, 83, 84, 85, 89, 90, 92, 93, 112, 191, 192, 194, 212, 704
194, 194, 92, 93, 104, 107, 109, 110, 111, 112, 113, 122, 123, 125, 128, 129, 140, 193, 195, 196, 198, 199, 211, 212, 699, 700, 703, 704
195, 195, 92, 93, 104, 107, 109, 110, 111, 112, 113, 117, 122, 123, 124, 125, 126, 128, 129, 140, 194, 196, 198, 199, 211, 212, 213, 697, 699, 700, 703
196, 196, 92, 96, 97, 98, 99, 102, 105, 107, 108, 109, 110, 111, 112, 113, 114, 115, 116, 117, 118, 119, 120, 121, 122, 123, 124, 125, 126, 127, 128, 129, 130, 131, 132, 133, 134, 135, 136, 137, 138, 139, 140, 141, 143, 147, 148, 194, 195, 197, 198, 199, 200, 201, 207, 209, 210, 211, 213, 214, 222, 224, 697, 698
197, 197, 93, 96, 97, 98, 99, 100, 102, 104, 105, 107, 108, 109, 110, 111, 112, 113, 114, 115, 116, 117, 118, 119, 120, 121, 122, 123, 124, 125, 126, 127, 128, 129, 130, 131, 132, 133, 134, 135, 136, 137, 138, 139, 140, 141, 143, 144, 147, 148, 149, 150, 151, 159, 161, 196, 198, 199, 200, 201, 202, 203, 206, 207, 209, 210, 211, 213, 214, 222, 224, 225, 697, 698
198, 198, 92, 93, 97, 98, 99, 100, 101, 102, 103, 104, 105, 106, 107, 108, 109, 110, 111, 112, 113, 114, 115, 116, 117, 118, 119, 120, 121, 122, 123, 124, 125, 126, 127, 128, 129, 130, 131, 132, 133, 134, 135, 136, 137, 138, 139, 140, 141, 143, 147, 148, 149, 151, 161, 192, 194, 195, 196, 197, 199, 200, 201, 209, 210, 211, 213, 214, 222, 697, 698
199, 199, 50, 51, 84, 85, 86, 87, 88, 89, 91, 92, 93, 95, 97, 100, 101, 102, 103, 104, 107, 108, 109, 110, 111, 112, 113, 115, 116, 117, 118, 119, 120, 122, 123, 124, 125, 126, 127, 128, 129, 131, 132, 133, 134, 135, 136, 138, 139, 140, 141, 192, 194, 195, 196, 197, 198, 200, 203, 209, 210, 212, 213, 222, 697, 698
200, 200, 39, 55, 56, 67, 92, 93, 95, 96, 97, 98, 99, 100, 102, 104, 105, 106, 107, 108, 109, 110, 111, 112, 113, 114, 115, 116, 117, 118, 119, 120, 121, 122, 123, 124, 125, 126, 127, 128, 129, 130, 131, 132, 133, 134, 135, 136, 137, 138, 139, 140, 141, 142, 143, 144, 145, 146, 147, 148, 149, 150, 151, 158, 159, 160, 161, 196, 197, 198, 199, 201, 202, 203, 204, 205, 206, 207, 208, 209, 210, 211, 212, 213, 214, 222, 224, 225, 226, 244, 697, 698
201, 201, 39, 67, 86, 97, 98, 99, 100, 101, 102, 105, 107, 108, 109, 110, 111, 112, 114, 115, 116, 117, 118, 119, 120, 121, 122, 123, 124, 125, 126, 127, 128, 129, 130, 131, 132, 133, 134, 135, 136, 137, 138, 139, 140, 141, 142, 143, 144, 145, 146, 147, 148, 149, 150, 151, 152, 158, 159, 160, 161, 166, 167, 169, 170, 196, 197, 198, 200, 202, 203, 204, 205, 206, 207, 208, 209, 214
202, 202, 97, 99, 101, 102, 105, 107, 109, 111, 112, 114, 115, 116, 117, 118, 119, 120, 121, 122, 123, 124, 125, 126, 127, 128, 129, 130, 131, 133, 134, 135, 136, 137, 138, 139, 140, 141, 142, 143, 144, 145, 147, 148, 149, 151, 152, 158, 159, 160, 161, 167, 169, 197, 200, 201, 203, 204, 205, 206, 207, 208, 209, 210, 214, 215
203, 203, 114, 115, 116, 117, 118, 119, 120, 121, 122, 123, 126, 136, 137, 138, 139, 197, 199, 200, 201, 202, 204, 205, 206, 207, 208, 209, 210, 211, 213, 214, 215, 697, 698
204, 204, 114, 115, 116, 117, 118, 119, 120, 121, 122, 123, 125, 126, 129, 136, 137, 138, 139, 200, 201, 202, 203, 205, 206, 207, 208
205, 205, 107, 109, 114, 115, 116, 117, 118, 119, 120, 121, 122, 123, 124, 125, 126, 127, 128, 129, 130, 131, 134, 136, 137, 138, 139, 140, 141, 142, 144, 145, 148, 200, 201, 202, 203, 204, 206, 207, 208, 209
206, 206, 97, 99, 101, 102, 105, 107, 109, 111, 112, 114, 115, 116, 117, 118, 119, 120, 121, 122, 123, 124, 125, 126, 127, 128, 129, 130, 131, 132, 133, 134, 135, 136, 137, 138, 139, 140, 141, 142, 143, 144, 145, 147, 148, 149, 151, 152, 158, 159, 160, 161, 167, 169, 197, 200, 201, 202, 203, 204, 205, 207, 208, 209
207, 207, 97, 98, 99, 100, 101, 102, 105, 107, 108, 109, 111, 112, 114, 115, 116, 117, 118, 119, 120, 121, 122, 123, 124, 125, 126, 127, 128, 129, 130, 131, 132, 133, 134, 135, 136, 137, 138, 139, 140, 141, 142, 143, 144, 145, 147, 148, 149, 150, 151, 152, 158, 159, 160, 161, 167, 169, 197, 200, 201, 202, 203, 204, 205, 206, 208, 209, 214
208, 208, 116, 117, 118, 119, 120, 121, 122, 123, 125, 126, 129, 136, 137, 138, 139, 200, 201, 202, 203, 204, 205, 206, 207
209, 209, 112, 123, 124, 125, 127, 129, 136, 137, 138, 140, 141, 196, 197, 198, 199, 200, 201, 202, 203, 205, 206, 207, 210, 211, 212, 213, 214, 215, 222, 697, 698
210, 210, 93, 97, 105, 107, 109, 112, 113, 114, 115, 116, 117, 118, 119, 120, 121, 122, 123, 124, 125, 126, 127, 128, 129, 131, 132, 133, 134, 135, 136, 137, 138, 139, 140, 141, 196, 197, 198, 199, 200, 202, 203, 209, 211, 212, 213, 214, 215, 218, 220, 221, 222, 223, 224, 225, 226, 244, 697, 698, 699, 700
211, 211, 97, 105, 107, 109, 114, 115, 116, 117, 118, 119, 120, 121, 122, 123, 124, 125, 126, 127, 128, 129, 131, 132, 133, 134, 135, 136, 137, 138, 139, 140, 141, 147, 194, 195, 196, 197, 198, 200, 203, 209, 210, 212, 213, 214, 215, 218, 220, 221, 222, 223, 224, 225, 226, 244, 249, 697, 698, 699, 700, 703, 704
212, 212, 112, 193, 194, 195, 199, 200, 209, 210, 211, 213, 214, 697, 698, 699, 703, 704
213, 213, 92, 93, 97, 104, 105, 107, 109, 110, 112, 113, 114, 115, 116, 117, 118, 119, 120, 121, 122, 123, 124, 125, 126, 127, 128, 129, 130, 131, 132, 133, 134, 135, 136, 137, 138, 139, 140, 141, 147, 195, 196, 197, 198, 199, 200, 203, 209, 210, 211, 212, 214, 222, 224, 697, 698, 699
214, 214, 123, 124, 125, 137, 140, 141, 196, 197, 198, 200, 201, 202, 203, 207, 209, 210, 211, 212, 213, 215, 218, 219, 220, 221, 222, 223, 245, 246, 248, 258, 261, 262, 697, 698
215, 215, 202, 203, 209, 210, 211, 214
216, 216
217, 217
426, 426
427, 427
428, 428
429, 429
430, 430, 476, 478, 482, 486, 488, 491, 503
431, 431, 476, 478, 482, 486, 488, 491, 503, 507
432, 432
433, 433, 482, 486, 488
434, 434, 437, 459, 465, 466, 467, 468, 469, 471, 472, 473
435, 435, 437, 466, 467, 469, 471, 472, 473
436, 436, 1, 38, 39, 478, 482, 486, 488, 535, 536
437, 437, 434, 435, 459, 465, 466, 467, 468, 469, 471, 472, 473
438, 438, 1, 37, 38, 39, 40, 48, 95, 99, 102, 533, 534, 535, 536
439, 439, 478, 482, 486, 488, 502, 503
440, 440, 476, 478, 480, 482, 483, 486, 487, 488, 491, 492, 495, 502, 503
441, 441, 476, 490, 491, 492, 496, 503, 506, 507
442, 442, 478, 482, 486, 488, 502, 503
443, 443, 1, 39, 476, 478, 480, 482, 486, 487, 488, 491, 535, 536
444, 444, 56, 476, 478, 480, 482, 483, 486, 487, 488, 489, 491, 492, 495, 502, 503, 507, 555, 557
445, 445
446, 446, 482, 486, 488, 503
447, 447, 478, 482, 486, 488, 502, 503
448, 448, 476, 478, 480, 482, 483, 486, 487, 488, 491, 495, 502, 503
449, 449, 482, 488, 502, 503
450, 450, 478, 482, 487, 488, 502, 503
451, 451, 478, 482, 486, 487, 488, 495, 502, 503
452, 452, 434, 453, 459, 460, 461, 462, 466, 467, 468, 471, 472
453, 453, 434, 452, 454, 456, 459, 460, 461, 462, 466, 467, 468, 471, 472, 520, 544
454, 454, 1, 38, 39, 453, 456, 459, 461, 462, 516, 520, 535, 536, 541, 542, 543, 544
455, 455, 457, 458, 518
456, 456, 452, 453, 454, 455, 459, 460, 461, 462, 516, 517, 519, 520, 536, 544
457, 457
458, 458, 457
459, 459, 434, 435, 437, 452, 453, 456, 460, 461, 462, 466, 467, 468, 469, 471, 472, 473, 544
460, 460, 434, 452, 453, 459, 461, 462, 466, 467, 468, 469, 471, 472, 473
461, 461, 434, 452, 453, 454, 456, 459, 460, 462, 466, 467, 468, 469, 471, 472, 473, 520, 544
462, 462, 452, 453, 454, 456, 459, 460, 461, 463, 466, 467, 468, 471, 472, 520, 541, 542, 543, 544
463, 463, 462
464, 464, 463
465, 465, 434, 435, 437, 466, 467, 469, 471, 472, 473
466, 466, 434, 435, 437, 452, 453, 459, 460, 461, 465, 467, 468, 469, 471, 472, 473
467, 467, 434, 435, 437, 452, 453, 459, 460, 461, 462, 465, 466, 468, 469, 471, 472, 473
468, 468, 434, 435, 437, 452, 453, 459, 460, 461, 462, 466, 467, 469, 471, 472, 473
469, 469, 434, 435, 437, 459, 460, 461, 465, 466, 467, 468, 471, 472
470, 470, 1, 37, 38, 39, 40, 48, 102, 535, 536
471, 471, 434, 435, 437, 452, 453, 459, 460, 461, 462, 465, 466, 467, 468, 469, 472, 473
472, 472, 434, 435, 437, 452, 453, 459, 460, 461, 462, 465, 466, 467, 468, 469, 471, 473
473, 473, 434, 435, 437, 459, 460, 461, 465, 466, 467, 468, 471, 472
474, 474, 1, 37, 38, 39, 40, 41, 48, 50, 51, 95, 97, 99, 100, 101, 102, 105, 123, 124, 125, 535, 536
475, 475, 476, 478, 480, 482, 483, 486, 487, 488, 491, 502, 503
476, 476, 441, 482, 486, 488, 490, 491, 492, 502, 503, 506, 507
477, 477, 484, 547
478, 478, 480, 481, 482, 483, 486, 487, 488, 489, 494, 495, 496, 502, 503, 555, 557
479, 479, 486, 504
480, 480, 478, 482, 483, 486, 487, 488, 489, 502, 503, 504, 555, 556, 557, 567, 568, 569, 571
481, 481, 478, 482, 486, 487, 488, 493, 494, 495, 496, 497, 498, 499, 500, 502, 503, 505, 506
482, 482, 55, 56, 132, 476, 478, 480, 481, 483, 486, 488, 489, 491, 492, 494, 495, 496, 502, 503, 507, 555, 556, 557, 571
483, 483, 478, 480, 482, 486, 488, 489, 502, 503, 555, 556, 557, 559, 560, 564, 567, 568, 569, 570, 571
484, 484, 477
485, 485, 4, 6, 10, 11, 44, 45, 46, 51, 54, 55, 56, 65, 66, 67, 94, 95, 96, 97, 105, 122, 123, 124, 125, 126, 127, 130, 132, 133, 134, 135, 161, 476, 478, 480, 481, 482, 483, 486, 487, 488, 491, 492, 494, 495, 496, 502, 503, 507, 540
486, 486, 54, 55, 56, 132, 476, 478, 479, 480, 481, 482, 483, 487, 488, 489, 491, 492, 494, 495, 496, 499, 502, 503, 504, 555, 556, 557, 559, 560, 564, 567, 568, 569, 570, 571
487, 487, 478, 480, 481, 486, 488, 502, 503
488, 488, 55, 56, 132, 476, 478, 480, 481, 482, 483, 486, 487, 489, 491, 492, 494, 495, 496, 499, 502, 503, 555, 556, 557, 567, 568, 571
489, 489, 478, 480, 482, 483, 486, 488, 503, 555, 556, 557, 559, 560, 564, 567, 568, 569, 570, 571
490, 490, 441, 476, 491, 492, 496, 497, 503, 505, 506, 507
491, 491, 441, 476, 482, 486, 488, 490, 492, 494, 496, 497, 498, 499, 500, 503, 505, 506, 507
492, 492, 441, 476, 482, 486, 488, 490, 491, 494, 496, 497, 499, 500, 502, 503, 505, 506, 507
493, 493, 481, 494, 495, 496, 497, 499, 500, 502, 503, 506
494, 494, 478, 481, 482, 486, 488, 491, 492, 493, 495, 496, 497, 498, 499, 500, 502, 503, 505, 506, 507
495, 495, 478, 481, 482, 486, 488, 493, 494, 496, 497, 498, 499, 500, 502, 503, 505, 506
496, 496, 441, 478, 481, 482, 486, 488, 490, 491, 492, 493, 494, 495, 497, 498, 499, 500, 502, 503, 505, 506, 507
497, 497, 481, 490, 491, 492, 493, 494, 495, 496, 499, 502, 503, 505, 506, 507
498, 498, 481, 491, 494, 495, 496, 499, 502, 503, 505, 506, 507
499, 499, 481, 486, 488, 491, 492, 493, 494, 495, 496, 497, 498, 500, 502, 503, 505, 506, 507
500, 500, 481, 491, 492, 493, 494, 495, 496, 499, 502, 503, 505, 506, 507
501, 501, 54, 55, 56, 97, 132, 133, 476, 478, 481, 482, 486, 487, 488, 491, 492, 494, 495, 496, 502, 503, 507, 540
502, 502, 476, 478, 480, 481, 482, 483, 486, 487, 488, 490, 492, 493, 494, 495, 496, 497, 498, 499, 500, 503, 505, 506
503, 503, 54, 55, 56, 132, 441, 476, 478, 480, 481, 482, 483, 486, 487, 488, 489, 490, 491, 492, 493, 494, 495, 496, 497, 498, 499, 500, 502, 505, 506, 507, 555, 556, 557, 571
504, 504, 479, 480, 486
505, 505, 481, 491, 492, 494, 495, 496, 497, 498, 499, 500, 502, 503, 506, 507
506, 506, 441, 476, 481, 490, 491, 492, 493, 494, 495, 496, 497, 498, 499, 500, 502, 503, 505, 507
507, 507, 441, 476, 482, 490, 491, 492, 494, 496, 497, 498, 499, 500, 503, 505, 506
508, 508, 478, 482, 488, 502, 503
509, 509, 482, 488, 503
510, 510, 478, 482, 488, 502, 503
511, 511, 56, 97, 132, 133, 161, 478, 482, 488, 502, 503
512, 512, 1, 37, 38, 39, 40, 48, 102, 535, 536
513, 513, 1, 37, 38, 39, 40, 48, 95, 99, 102, 535, 536
514, 514, 1, 37, 38, 39, 40, 41, 48, 95, 97, 99, 100, 101, 102, 105, 125, 535, 536
515, 515, 1, 37, 38, 39, 40, 41, 48, 50, 51, 95, 97, 99, 100, 101, 102, 105, 118, 123, 124, 125, 533, 534, 535, 536, 544
516, 516, 454, 456, 517, 519, 520, 544
517, 517, 455, 458, 518
518, 518, 457
519, 519, 455, 458, 518
520, 520, 453, 454, 455, 456, 459, 461, 462, 517, 519, 536, 544
521, 521, 522, 524, 526, 529, 531, 532, 630, 632, 633
522, 522, 521, 524, 529, 531, 532, 630, 632, 633
523, 523, 1, 37, 38, 39, 40, 48, 99, 102, 533, 535, 536
524, 524, 521, 522, 526, 529, 531, 532, 630, 632, 633
525, 525, 1, 2, 37, 38, 39, 40, 41, 48, 50, 51, 95, 97, 99, 100, 101, 102, 105, 123, 124, 125, 533, 534, 535, 536
526, 526, 521, 524, 529, 532
527, 527
528, 528, 1, 39, 531, 533, 535, 536, 629, 632, 637
529, 529, 521, 522, 524, 526, 531, 532, 536, 629, 630, 631, 632, 633, 635, 637
530, 530, 1, 2, 36, 37, 38, 39, 40, 41, 48, 50, 51, 86, 95, 97, 98, 99, 100, 101, 102, 105, 116, 117, 118, 122, 123, 124, 125, 133, 454, 520, 533, 534, 535, 536, 544, 637
531, 531, 521, 522, 524, 528, 529, 532, 535, 629, 630, 631, 632, 633, 635, 637
532, 532, 521, 522, 524, 526, 527, 529, 531, 536, 630, 631, 632, 633, 635, 637
533, 533, 1, 2, 3, 37, 38, 39, 40, 48, 102, 528, 534, 535, 536, 541, 542, 543, 545, 637
534, 534, 1, 2, 3, 37, 38, 39, 40, 41, 44, 46, 47, 48, 95, 97, 99, 101, 102, 105, 125, 528, 533, 535, 536, 630, 637, 638
535, 535, 1, 2, 36, 37, 38, 39, 40, 41, 47, 48, 50, 51, 86, 95, 97, 98, 99, 100, 101, 102, 105, 116, 117, 118, 122, 123, 124, 125, 133, 454, 520, 528, 531, 533, 534, 536, 544, 629, 637
536, 536, 1, 2, 3, 5, 36, 37, 38, 39, 40, 41, 44, 45, 46, 47, 48, 49, 50, 51, 52, 86, 87, 94, 95, 96, 97, 98, 99, 100, 101, 102, 103, 104, 105, 106, 107, 109, 113, 114, 115, 116, 117, 118, 119, 120, 121, 122, 123, 124, 125, 126, 127, 128, 129, 131, 132, 133, 134, 135, 136, 139, 141, 143, 147, 149, 150, 151, 152, 454, 520, 528, 529, 531, 532, 533, 534, 535, 544, 629, 630, 631, 632, 635, 637, 638, 645
537, 537, 3, 538, 539, 540
538, 538, 537, 539
539, 539, 3, 537, 538, 540
540, 540, 54, 55, 56, 132, 537, 539
541, 541, 454, 462, 520, 533, 544, 545
542, 542, 454, 456, 462, 520, 533, 544, 545
543, 543, 454, 456, 462, 520, 533, 544, 545
544, 544, 1, 38, 39, 48, 453, 454, 456, 459, 461, 462, 516, 519, 520, 535, 536, 541, 542, 543
545, 545, 533, 541, 542, 543, 544
546, 546
547, 547, 477
548, 548, 1, 2, 36, 37, 38, 39, 40, 41, 44, 45, 46, 47, 48, 49, 50, 51, 52, 86, 87, 94, 95, 96, 97, 98, 99, 100, 101, 102, 103, 104, 105, 106, 107, 109, 114, 115, 116, 117, 118, 119, 120, 122, 123, 124, 125, 126, 127, 128, 129, 132, 133, 134, 135, 136, 139, 143, 147, 149, 151, 152, 454, 520, 528, 533, 534, 535, 536, 544, 630, 637, 638
549, 549
550, 550
551, 551, 10, 11, 561, 562, 563
552, 552, 563, 564, 567
553, 553
554, 554, 12, 13, 19, 20, 558, 572, 575, 576, 577, 578, 579, 580, 581, 582, 583, 584, 585, 591, 594
555, 555, 15, 22, 478, 480, 482, 483, 486, 488, 489, 503, 556, 557, 559, 560, 561, 563, 564, 565, 566, 567, 568, 569, 570, 571, 572, 573, 574, 575, 576, 578, 582, 584, 594
556, 556, 480, 482, 483, 486, 488, 489, 503, 555, 557, 559, 560, 561, 564, 567, 568, 569, 570, 571, 573
557, 557, 15, 478, 480, 482, 483, 486, 488, 489, 503, 555, 556, 559, 560, 561, 563, 564, 566, 567, 568, 569, 570, 571, 572, 573, 574, 575, 576, 582
558, 558, 12, 13, 554, 575, 576, 577, 578, 579, 581, 582, 583, 584, 585, 591, 594
559, 559, 483, 486, 489, 555, 556, 557, 560, 564, 567, 568, 569, 570, 571
560, 560, 7, 8, 9, 12, 13, 15, 16, 17, 22, 62, 64, 483, 486, 489, 555, 556, 557, 559, 561, 562, 563, 564, 566, 567, 568, 569, 570, 571, 572, 573, 574, 575
561, 561, 7, 8, 9, 12, 13, 15, 16, 17, 22, 58, 62, 64, 551, 555, 556, 557, 560, 562, 563, 564, 567, 568, 569, 570, 571, 573, 574
562, 562, 7, 8, 9, 10, 551, 560, 561, 563
563, 563, 7, 8, 9, 10, 551, 552, 555, 557, 560, 561, 562, 564, 566, 567, 568, 569, 570, 571, 573
564, 564, 9, 12, 13, 15, 22, 483, 486, 489, 552, 555, 556, 557, 559, 560, 561, 563, 566, 567, 568, 569, 570, 571, 572, 573, 574, 575, 576
565, 565, 555, 566, 567, 568, 571
566, 566, 555, 557, 560, 563, 564, 565, 567, 568, 569, 570, 571, 572, 575, 576
567, 567, 9, 15, 22, 480, 483, 486, 488, 489, 552, 555, 556, 557, 559, 560, 561, 563, 564, 565, 566, 568, 569, 570, 571, 572, 573, 574, 575, 576, 577, 578, 579, 582, 584, 594
568, 568, 15, 22, 480, 483, 486, 488, 489, 555, 556, 557, 559, 560, 561, 563, 564, 565, 566, 567, 569, 570, 571, 572, 573, 574, 575, 576, 577, 578, 579, 582, 584, 594
569, 569, 9, 12, 13, 15, 22, 480, 483, 486, 489, 555, 556, 557, 559, 560, 561, 563, 564, 566, 567, 568, 570, 571, 572, 573, 574, 575, 576, 582
570, 570, 15, 483, 486, 489, 555, 556, 557, 559, 560, 561, 563, 564, 566, 567, 568, 569, 571, 572, 573, 574, 575, 576, 578, 582, 584, 594
571, 571, 9, 12, 15, 22, 480, 482, 483, 486, 488, 489, 503, 555, 556, 557, 559, 560, 561, 563, 564, 565, 566, 567, 568, 569, 570, 572, 573, 574, 575, 576, 577, 578, 579, 580, 581, 582, 583, 584, 585, 594
572, 572, 12, 13, 19, 31, 33, 554, 555, 557, 560, 564, 566, 567, 568, 569, 570, 571, 575, 576, 577, 578, 579, 580, 581, 582, 583, 584, 585, 594
573, 573, 9, 13, 15, 22, 555, 556, 557, 560, 561, 563, 564, 567, 568, 569, 570, 571, 574
574, 574, 9, 13, 15, 22, 555, 557, 560, 561, 564, 567, 568, 569, 570, 571, 573
575, 575, 12, 554, 555, 557, 558, 564, 566, 567, 568, 569, 570, 571, 572, 576, 577, 578, 579, 580, 581, 582, 583, 584, 585, 594
576, 576, 12, 13, 554, 555, 557, 558, 564, 567, 568, 569, 570, 571, 572, 575, 577, 578, 579, 580, 581, 582, 583, 584, 585, 594
577, 577, 12, 13, 14, 19, 20, 33, 554, 558, 567, 568, 571, 572, 575, 576, 578, 579, 580, 581, 582, 583, 584, 585, 594
578, 578, 12, 13, 14, 18, 19, 20, 21, 31, 32, 33, 554, 555, 558, 567, 568, 570, 571, 572, 575, 576, 577, 579, 580, 581, 582, 583, 584, 585, 594
579, 579, 12, 13, 14, 16, 18, 19, 20, 21, 33, 554, 558, 567, 571, 572, 575, 576, 577, 578, 580, 581, 582, 583, 584, 585, 594
580, 580, 12, 13, 25, 26, 27, 30, 31, 32, 33, 571, 572, 575, 577, 578, 579, 581, 582, 583, 584, 585, 586, 587, 594, 595, 596
581, 581, 12, 13, 14, 16, 17, 18, 19, 20, 21, 22, 25, 27, 30, 31, 32, 33, 58, 59, 62, 554, 558, 571, 572, 575, 576, 577, 578, 579, 580, 582, 583, 584, 585, 594
582, 582, 12, 13, 14, 16, 17, 18, 19, 20, 21, 22, 25, 26, 27, 30, 31, 32, 33, 58, 59, 60, 62, 554, 555, 557, 558, 567, 568, 569, 570, 571, 572, 575, 576, 577, 578, 579, 580, 581, 583, 584, 585, 586, 587, 591, 594, 595, 596
583, 583, 12, 13, 14, 19, 20, 21, 32, 33, 554, 558, 571, 572, 575, 576, 577, 578, 579, 580, 581, 582, 584, 585, 594
584, 584, 12, 13, 14, 19, 20, 21, 33, 554, 555, 558, 567, 568, 570, 571, 572, 575, 576, 577, 578, 579, 580, 581, 582, 583, 585, 591, 594
585, 585, 12, 13, 14, 19, 20, 21, 33, 554, 558, 571, 572, 575, 576, 577, 578, 579, 580, 581, 582, 583, 584, 591, 594
586, 586, 25, 26, 27, 30, 31, 32, 33, 580, 582, 587, 593, 595, 596, 597, 599, 612, 616, 618
587, 587, 25, 26, 27, 29, 30, 31, 32, 33, 580, 581, 582, 586, 593, 595, 596, 597, 599, 612, 616, 618
588, 588, 23, 24, 28, 31, 33, 73, 74, 75, 646, 648, 649, 650, 651, 709
589, 589, 24, 28, 588, 646, 648, 649, 658
590, 590, 54, 55, 56, 97, 132, 133, 161, 476, 478, 481, 482, 486, 487, 488, 491, 495, 502, 503
591, 591, 554, 558, 577, 582, 583, 584, 585, 594
592, 592, 54, 55, 56, 132, 478, 482, 486, 487, 488, 495, 502, 503
593, 593, 25, 26, 27, 30, 31, 32, 33, 586, 587, 595, 596, 597, 599, 612, 616, 618
594, 594, 12, 13, 14, 19, 20, 21, 33, 554, 558, 567, 568, 571, 572, 575, 576, 577, 578, 579, 580, 581, 582, 583, 584, 585, 591
595, 595, 25, 26, 27, 29, 30, 31, 32, 33, 580, 581, 582, 586, 587, 593, 596, 597, 599, 612, 616, 618
596, 596, 25, 26, 27, 29, 30, 31, 32, 33, 580, 582, 586, 587, 593, 595, 597, 599, 612, 616, 618
597, 597, 25, 27, 30, 31, 32, 33, 586, 587, 593, 595, 596, 599, 616
598, 598, 478, 482, 487, 488, 495, 502, 503
599, 599, 27, 30, 32, 33, 586, 587, 593, 595, 596, 597, 612, 616, 618
600, 600, 589, 602, 603, 604, 609, 610, 614, 615, 617, 620, 621, 622, 658
601, 601, 482, 488, 502, 503
602, 602, 589, 603, 604, 614, 615, 617, 619, 620, 621, 622, 623, 658
603, 603, 588, 589, 614, 615, 617, 619, 620, 621, 622, 623, 648, 658
604, 604, 589, 602, 603, 609, 610, 614, 615, 617, 619, 620, 621, 622, 623, 658
605, 605, 602, 603, 604, 609, 610, 615, 617, 621, 622, 658
606, 606, 608, 652, 654
607, 607, 482, 488, 502, 503
608, 608, 606, 652, 654, 655, 656, 657, 716, 718
609, 609, 589, 603, 604, 614, 615, 617, 619, 620, 621, 622, 623, 658
610, 610, 589, 602, 603, 604, 609, 614, 615, 617, 619, 620, 621, 622, 623, 658
611, 611, 54, 55, 56, 96, 97, 105, 123, 124, 125, 126, 127, 130, 132, 133, 134, 135, 161, 478, 482, 486, 487, 488, 495, 502, 503
612, 612, 586, 587, 593, 595, 596, 599, 616, 618
613, 613, 55, 56, 97, 105, 125, 130, 132, 133, 161, 478, 482, 488, 502, 503
614, 614, 589, 617, 619, 620, 621, 622, 623, 658
615, 615, 588, 589, 603, 614, 617, 619, 620, 621, 622, 623, 648, 658
616, 616, 25, 26, 27, 30, 31, 32, 33, 586, 587, 593, 595, 596, 597, 599, 612, 618
617, 28, 588, 589, 619, 620, 648, 653, 658
618, 618, 30, 586, 587, 593, 595, 596, 597, 599, 612, 616
619, 619, 28, 588, 589, 648, 653, 658
620, 620, 28, 588, 589, 648, 653, 658
621, 621, 588, 589, 617, 619, 620, 623, 648, 658
622, 622, 28, 588, 589, 614, 617, 619, 620, 621, 623, 648, 653, 658
623, 623, 589, 617, 619, 620, 621, 658
624, 624, 652, 654
625, 625, 652, 654
626, 626, 482, 488, 503
627, 627
628, 628, 36, 39, 40, 41, 42, 641, 642, 643, 644, 645, 668, 669, 672
629, 629, 528, 529, 531, 532, 535, 536, 630, 632, 637, 638
630, 630, 1, 38, 39, 48, 521, 522, 524, 529, 531, 532, 534, 536, 629, 631, 632, 633, 635, 636, 637, 638, 643, 644, 645
631, 631, 521, 529, 531, 532, 536, 629, 630, 632, 633, 635, 637, 638, 644, 645
632, 632, 521, 522, 524, 528, 529, 531, 532, 536, 629, 630, 631, 633, 634, 635, 636, 637, 638, 639, 643, 644, 645
633, 633, 521, 522, 524, 529, 531, 532, 630, 631, 632, 635
634, 634, 632, 635, 639, 672
635, 635, 529, 531, 532, 536, 630, 631, 632, 633, 634, 637, 639, 644
636, 636, 630, 631, 632, 643, 644, 645
637, 637, 1, 38, 39, 48, 528, 529, 531, 532, 533, 534, 535, 536, 629, 630, 631, 632, 633, 635, 638
638, 638, 1, 38, 39, 40, 48, 529, 532, 534, 536, 629, 630, 631, 632, 637, 643, 644, 645
639, 639, 632, 634, 635, 672, 673, 674
640, 640
641, 641, 628, 642, 643, 668
642, 642, 42, 628, 641, 643, 668, 669, 672, 673
643, 643, 36, 37, 39, 40, 41, 42, 51, 628, 630, 631, 632, 636, 638, 641, 642, 644, 645, 668, 669, 672
644, 644, 34, 36, 37, 39, 40, 41, 42, 47, 51, 628, 630, 631, 632, 635, 636, 638, 643, 645
645, 645, 1, 34, 36, 37, 38, 39, 40, 41, 42, 47, 51, 52, 628, 630, 631, 632, 635, 636, 638, 643, 644
646, 646, 24, 28, 31, 33, 588, 648, 649, 650, 651, 656, 709, 712, 718
647, 647, 73, 76, 78
648, 648, 24, 28, 31, 33, 73, 74, 588, 646, 649, 650, 651, 656, 709, 712, 718
649, 649, 28, 31, 33, 588, 646, 648, 650, 651, 656, 709, 712, 718
650, 650, 31, 588, 646, 648, 649, 651, 656, 657, 709, 711, 712, 718
651, 651, 588, 646, 648, 649, 650, 656, 657, 709, 711, 712, 718
652, 652, 606, 608, 624, 625, 654, 655, 716
653, 653, 588, 589, 648, 658
654, 654, 606, 608, 624, 625, 652, 655, 716, 718
655, 655, 608, 652, 654, 656, 657, 716, 718
656, 656, 608, 646, 648, 649, 650, 651, 655, 657, 709, 710, 711, 712, 713, 715, 716, 717, 718, 726, 733
657, 657, 608, 650, 651, 655, 656, 709, 711, 712, 713, 715, 716, 717, 718, 726, 733
658, 658, 24, 28, 31, 74, 588, 646, 648, 649
659, 659, 663
660, 660, 716
661, 661, 663, 665, 722
662, 662, 663
663, 663, 665, 722, 734
664, 664
665, 665, 722, 734
666, 666, 81, 82, 85, 667, 668, 669, 670, 671, 672, 673, 674, 676, 677, 685, 690, 691, 692
667, 667, 81, 82, 85, 666, 669, 670, 671, 672, 674, 676, 677, 679, 685, 686, 690, 691, 692, 693, 1042
668, 668, 42, 81, 628, 641, 642, 643, 666, 669, 672, 673, 674
669, 669, 42, 43, 81, 628, 639, 642, 643, 666, 667, 668, 670, 672, 673, 674, 691, 692
670, 670, 81, 82, 84, 85, 89, 191, 666, 667, 669, 671, 672, 673, 674, 676, 677, 679, 685, 690, 691, 692
671, 671, 43, 81, 82, 85, 666, 667, 670, 672, 676, 691
672, 672, 81, 634, 639, 642, 666, 667, 668, 669, 670, 671, 673, 674, 675, 676, 677, 690
673, 673, 81, 639, 666, 668, 669, 670, 672, 674, 676
674, 674, 639, 666, 667, 668, 669, 670, 672, 673, 676, 677
675, 675, 672
676, 676, 666, 667, 670, 671, 672, 673, 674, 677, 690
677, 677, 666, 667, 670, 672, 674, 676, 690
678, 678, 679, 681, 693
679, 679, 680, 681, 692, 693, 1042
680, 680, 686, 688, 692, 693, 694, 695
681, 681, 684, 686, 688, 689, 691, 692, 693, 694, 695
682, 682, 1022, 1027, 1037, 1038, 1040, 1041
683, 683, 93, 112, 191, 192, 696, 707, 708
684, 684, 82, 84, 85, 92, 191, 681, 685, 686, 688, 689, 692, 693, 694
685, 685, 191, 666, 667, 670, 684, 686, 687, 689, 691, 692, 694
686, 686, 82, 85, 191, 667, 680, 681, 684, 685, 687, 688, 689, 691, 692, 693, 694, 695
687, 687, 685, 686, 691, 692
688, 688, 680, 681, 686, 689, 693, 694, 695
689, 689, 81, 82, 83, 84, 85, 92, 93, 109, 110, 111, 112, 191, 681, 684, 685, 686, 688, 690, 691, 692, 693, 694
690, 690, 81, 82, 84, 85, 89, 666, 667, 670, 672, 676, 677, 679, 689, 691, 692
691, 691, 666, 667, 669, 670, 671, 679, 681, 685, 686, 687, 689, 690, 692, 693, 694
692, 692, 191, 666, 667, 669, 670, 671, 680, 681, 684, 685, 686, 687, 688, 689, 690, 691, 693, 694, 695, 696
693, 693, 670, 679, 680, 681, 684, 686, 688, 689, 690, 691, 692, 694, 695
694, 694, 82, 85, 191, 680, 681, 684, 685, 686, 688, 689, 691, 692, 693, 695
695, 695, 680, 681, 686, 688, 692, 693, 694
696, 696, 192, 683, 685, 692, 707, 708
697, 697, 107, 109, 112, 115, 116, 117, 118, 119, 120, 121, 122, 123, 124, 125, 126, 127, 128, 129, 132, 134, 135, 136, 138, 139, 140, 141, 195, 196, 197, 198, 199, 200, 203, 209, 210, 211, 212, 213, 214, 222, 224, 225, 226, 244, 698, 699, 700
698, 698, 97, 105, 107, 109, 112, 113, 114, 115, 116, 117, 118, 119, 120, 121, 122, 123, 124, 125, 126, 127, 128, 129, 131, 132, 133, 134, 135, 136, 137, 138, 139, 140, 141, 196, 197, 198, 199, 200, 203, 209, 210, 211, 212, 213, 214, 218, 221, 222, 224, 225, 226, 228, 244, 249, 697, 699
699, 699, 194, 195, 210, 211, 212, 213, 697, 698, 700, 703
700, 700, 194, 195, 210, 211, 697, 699, 702, 703
701, 701, 702, 705, 706
702, 702, 211, 700, 701, 703, 705, 706
703, 703, 192, 194, 195, 211, 212, 699, 700, 702, 704, 707, 708
704, 704, 84, 85, 192, 193, 194, 211, 212, 703
705, 705, 337, 345, 701, 702, 706
706, 706, 701, 702, 705
707, 707, 192, 683, 696, 703, 708
708, 708, 93, 112, 191, 192, 683, 696, 703, 707
709, 709, 79, 80, 175, 588, 646, 648, 649, 650, 651, 656, 657, 710, 711, 712, 714, 716, 718
710, 710, 76, 77, 79, 80, 151, 172, 175, 176, 177, 178, 656, 709, 711, 712, 714, 716, 718
711, 711, 77, 79, 80, 175, 650, 651, 656, 657, 709, 710, 712, 714, 716, 718
712, 712, 79, 80, 175, 646, 648, 649, 650, 651, 656, 657, 709, 710, 711, 714, 716, 718
713, 713, 656, 657, 715, 716, 717, 718, 726, 733, 735
714, 714, 24, 72, 74, 76, 77, 78, 79, 80, 175, 709, 710, 711, 712, 718
715, 715, 656, 657, 713, 717, 718, 726, 733, 735
716, 716, 608, 652, 654, 655, 656, 657, 660, 709, 710, 711, 712, 713, 717, 718, 726
717, 717, 656, 657, 713, 715, 716, 718, 726, 733, 735
718, 718, 79, 80, 175, 608, 646, 648, 649, 650, 651, 654, 655, 656, 657, 709, 710, 711, 712, 713, 714, 715, 716, 717, 726, 733, 735
719, 719
720, 720
721, 721
722, 722, 723, 724, 733, 734, 739
723, 723, 734, 739
724, 724
725, 725, 727, 728, 729, 735, 741, 753, 759
726, 726, 656, 657, 713, 715, 716, 717, 718, 727, 728, 729, 730, 731, 733, 735
727, 727, 175, 180, 181, 182, 190, 725, 726, 728, 729, 730, 731, 733, 735, 741, 742, 753, 759
728, 728, 170, 175, 179, 180, 181, 182, 189, 190, 725, 726, 727, 729, 730, 731, 735, 741, 742, 753, 759
729, 729, 181, 725, 726, 727, 728, 730, 731, 733, 735, 741, 753, 759
730, 730, 726, 727, 728, 729, 731, 732, 733, 735, 736, 738, 759
731, 731, 726, 727, 728, 729, 730, 732, 733, 735, 736, 738
732, 732, 730, 731, 735, 736
733, 733, 656, 657, 713, 715, 717, 718, 726, 727, 729, 730, 731, 734, 735
734, 734, 726, 727, 728, 729, 730, 733, 735, 739
735, 735, 713, 715, 717, 718, 725, 726, 727, 728, 729, 730, 731, 732, 733, 736, 738, 741, 753, 759
736, 736, 730, 731, 732, 735
737, 737
738, 738, 730, 731, 735
739, 739, 727, 733, 734, 735
740, 740, 746, 747, 748, 750
741, 741, 116, 119, 120, 122, 126, 142, 147, 149, 150, 151, 163, 166, 167, 170, 171, 172, 173, 174, 175, 176, 177, 178, 179, 180, 181, 182, 183, 184, 187, 188, 189, 190, 725, 727, 728, 729, 735, 742, 743, 745, 747, 748, 749, 751, 753, 759
742, 742, 175, 180, 181, 182, 189, 190, 727, 728, 741, 753, 759
743, 743, 163, 166, 167, 170, 173, 174, 176, 178, 179, 180, 181, 182, 183, 184, 187, 188, 189, 190, 741, 745, 746, 747, 748, 749, 750, 751, 752, 753, 759
744, 744
745, 745, 163, 173, 179, 180, 181, 182, 183, 184, 187, 188, 189, 190, 741, 743, 747, 748, 749, 750, 751, 752, 759
746, 746, 187, 188, 740, 743, 747, 748, 749, 750, 751, 752
747, 747, 163, 179, 180, 181, 182, 183, 184, 187, 188, 189, 190, 740, 741, 743, 745, 746, 748, 749, 750, 751, 752, 759
748, 748, 163, 166, 170, 173, 178, 179, 180, 181, 182, 183, 184, 187, 188, 189, 190, 740, 741, 743, 745, 746, 747, 749, 750, 751, 752, 753, 759
749, 749, 180, 182, 183, 187, 188, 189, 190, 741, 743, 745, 746, 747, 748, 750, 751, 752
750, 750, 182, 183, 184, 187, 188, 189, 740, 743, 745, 746, 747, 748, 749, 751, 752
751, 751, 182, 183, 187, 188, 189, 190, 741, 743, 745, 746, 747, 748, 749, 750, 752
752, 752, 182, 183, 187, 188, 189, 190, 743, 745, 747, 748, 749, 750, 751
753, 753, 72, 77, 170, 171, 173, 175, 178, 179, 180, 181, 182, 183, 187, 189, 190, 725, 727, 728, 729, 735, 741, 742, 743, 759
754, 754
755, 755
756, 756
757, 757
758, 758
759, 759, 72, 77, 116, 149, 150, 163, 166, 170, 171, 173, 174, 175, 176, 178, 179, 180, 181, 182, 183, 187, 188, 189, 190, 725, 727, 728, 729, 730, 735, 741, 742, 743, 745, 747, 748, 753
760, 760
761, 761, 54, 55, 56, 96, 97, 105, 123, 124, 125, 126, 127, 130, 132, 133, 134, 135, 161
762, 762
763, 763
764, 764, 55, 56, 97, 132, 133, 161
765, 765, 55, 56, 96, 97, 105, 123, 124, 125, 127, 130, 132, 133, 134, 135, 161
766, 766, 55, 56, 97, 105, 125, 130, 132, 133, 161
767, 767, 55, 56, 96, 97, 105, 123, 124, 125, 127, 130, 132, 133, 134, 135, 161
